{
"serviceName": "apiai.wsdl2",
"operations": [	{"name":"specifiedEntityRetrieve"},
	{"name":"allIntentsRetrieve"},
	{"name":"soundFile"},
	{"name":"specifiedIntentDelete"},
	{"name":"specifiedIntentUpdate"},
	{"name":"specifiedIntentRetrieve"},
	{"name":"allEntitiesRetrieve"},
	{"name":"specifiedEntityDelete"},
	{"name":"newIntent"},
	{"name":"naturalLanguage"},
	{"name":"specifiedEntityUpdate"},
	{"name":"newEntity"},
	{"name":"naturalLanguageText"}
	],
"resources": [
	{"name":"status"},
	{"name":"responses"},
	{"name":"root"},
	{"name":"result"}
	]
}