{
"serviceName": "chinesesocialinsights.wsdl2",
"operations": [	{"name":"retrieveSentiments"},
	{"name":"retrieveDemographics"},
	{"name":"accessAccount"},
	{"name":"removeSubscription"},
	{"name":"updateAccount"},
	{"name":"retrieveOverview"},
	{"name":"upsertSubscription"},
	{"name":"listSubscriptions"},
	{"name":"retrieveContexts"}
	],
"resources": [
	{"name":"emotions"},
	{"name":"sentiments"},
	{"name":"trends"},
	{"name":"locations"},
	{"name":"genders"},
	{"name":"consumptions"},
	{"name":"plan"},
	{"name":"platforms"},
	{"name":"current"}
	]
}