{
"serviceName": "coinbase.wsdl2",
"operations": [	{"name":"showIndividualRecurringPayment"},
	{"name":"listOrdersReceived"},
	{"name":"listRecurringPayments"},
	{"name":"purchaseBitcoin"},
	{"name":"createNewUser"},
	{"name":"listRecentBuysAndSells"},
	{"name":"showExchangeRates"},
	{"name":"showIndividualSubscription"},
	{"name":"listRecentTransactions"},
	{"name":"showTransactionDetails"},
	{"name":"showUserAccountSettings"},
	{"name":"resendMoneyRequestEmail"},
	{"name":"getBitcoinReceiveAddress"},
	{"name":"completeMoneyRequest"},
	{"name":"getSpotPrice"},
	{"name":"updateAccountSettings"},
	{"name":"listPreviouslyUsedEmails"},
	{"name":"listBitcoinAddresses"},
	{"name":"generateBitcoinReceiveAddress"},
	{"name":"createPaymentButton"},
	{"name":"sendBitcoinsToAddress"},
	{"name":"getAccountBalance"},
	{"name":"sendInvoiceRequestToAddress"},
	{"name":"showSupportedCurrencies"},
	{"name":"getTotalSellPrice"},
	{"name":"listSubscriptions"},
	{"name":"getTotalBuyPrice"},
	{"name":"sellBitcoin"},
	{"name":"showIndividualOrder"},
	{"name":"cancelMoneyRequest"}
	],
"resources": [
	{"name":"user"},
	{"name":"transaction"},
	{"name":"button"}
	]
}