{
"serviceName": "contractlive.wsdl2",
"operations": [	{"name":"updateNegotiation"},
	{"name":"deleteTemplate"},
	{"name":"getEnvironment"},
	{"name":"updateNegotiationAttachment"},
	{"name":"getTemplateContent"},
	{"name":"createTemplate"},
	{"name":"getNegotiationContent"},
	{"name":"listNegotiationAttachments"},
	{"name":"getTemplate"},
	{"name":"updateTemplate"},
	{"name":"createNegotiationActivity"},
	{"name":"createNegotiationAttachment"},
	{"name":"createNegotiation"},
	{"name":"deleteNegotiationAttachment"},
	{"name":"getNegotiation"},
	{"name":"getNegotiaitonSignedPdf"},
	{"name":"deleteNegotiation"},
	{"name":"getNegotiationActivities"},
	{"name":"useTemplate"},
	{"name":"getNegotiationAttachmentContent"},
	{"name":"getNegotiationAttachment"}
	],
"resources": [
	{"name":"variables"},
	{"name":"data"},
	{"name":"user"}
	]
}