{
"serviceName": "drivefarm.wsdl2",
"operations": [	{"name":"sendFile"},
	{"name":"userStats"},
	{"name":"sharingRequests"},
	{"name":"folderContent"},
	{"name":"gpsPosition"},
	{"name":"rejectSharing"},
	{"name":"moveFolder"},
	{"name":"setGpsPosition"},
	{"name":"userLog"},
	{"name":"copyFolder"},
	{"name":"emptyTrash"},
	{"name":"sharingFolder"},
	{"name":"copyFile"},
	{"name":"fileUpload"},
	{"name":"sharingAgree"},
	{"name":"closeUsers"},
	{"name":"moveFile"},
	{"name":"fileStatistics"},
	{"name":"downloadFile"},
	{"name":"clerkUser"},
	{"name":"createFolder"}
	],
"resources": [
	{"name":"mobilePosition"},
	{"name":"files"}
	]
}