{
"serviceName": "googleplaystore.wsdl2",
"operations": [	{"name":"multipleApplicationDetails"},
	{"name":"newFreeGames"},
	{"name":"topGrossingGames"},
	{"name":"topFreeApplications"},
	{"name":"topPaidApplications"},
	{"name":"newPaidGames"},
	{"name":"applicationReviews"},
	{"name":"topGrossingApplications"},
	{"name":"topPaidGames"},
	{"name":"applicationCategories"},
	{"name":"newPaidApplications"},
	{"name":"applicationDetails"},
	{"name":"applicationSearch"},
	{"name":"newFreeApplications"},
	{"name":"topFreeGames"}
	],
"resources": [
	{"name":"application"},
	{"name":"rating"}
	]
}