{
"serviceName": "gosquared.wsdl2",
"operations": [	{"name":"ignoredVisitors"},
	{"name":"pages"},
	{"name":"visitors"},
	{"name":"functions"},
	{"name":"geo"},
	{"name":"overview"},
	{"name":"concurrents"},
	{"name":"timeSeries"},
	{"name":"sites"},
	{"name":"organics"},
	{"name":"time"},
	{"name":"referrers"},
	{"name":"reportPreferences"},
	{"name":"campaigns"},
	{"name":"engagement"},
	{"name":"aggregateStats"}
	],
"resources": [
	{"name":"summaries"},
	{"name":"owned"},
	{"name":"timeOnSite"},
	{"name":"visitDepth"}
	]
}