{
"serviceName": "hipmob.wsdl2",
"operations": [	{"name":"listTranscripts"},
	{"name":"getApplicationDetails"},
	{"name":"getDeviceMessageCount"},
	{"name":"deleteTranscript"},
	{"name":"getDeviceDetails"},
	{"name":"listApplications"},
	{"name":"checkIfDeviceExists"},
	{"name":"setDeviceFriends"},
	{"name":"setUserStatus"},
	{"name":"addDeviceFriends"},
	{"name":"removeDeviceFriends"},
	{"name":"getTranscript"},
	{"name":"sendTextMessage"},
	{"name":"getDeviceFriends"},
	{"name":"removeDeviceFriend"},
	{"name":"getUserDetails"}
	],
"resources": [
	{"name":"userData"},
	{"name":"device"},
	{"name":"info"}
	]
}