{
"serviceName": "horoscopematchmaking.wsdl2",
"operations": [	{"name":"matchMakingReport"},
	{"name":"ashtakootDetails"},
	{"name":"matchingAstrologyDetails"},
	{"name":"matchingObstruction"},
	{"name":"matchingPlanetaryDetails"},
	{"name":"matchingBirthDetails"},
	{"name":"matchManglikReport"}
	],
"resources": [
	{"name":"total"},
	{"name":"Varna"},
	{"name":"Vashya"},
	{"name":"Gan"},
	{"name":"Bhakut"},
	{"name":"Tara"},
	{"name":"Yoni"},
	{"name":"Maitri"},
	{"name":"Nadi"},
	{"name":"female_astro_details"},
	{"name":"male_astro_details"},
	{"name":"female"},
	{"name":"male"}
	]
}