{
"serviceName": "loadimpact.wsdl2",
"operations": [	{"name":"createUserScenario"},
	{"name":"updateUserScenario"},
	{"name":"deleteTestConfig"},
	{"name":"cloneTestConfig"},
	{"name":"listDataStores"},
	{"name":"createDataStore"},
	{"name":"listLoadZones"},
	{"name":"getUserScenarioValidation"},
	{"name":"getTestData"},
	{"name":"updateTestConfiguration"},
	{"name":"listTestConfigurations"},
	{"name":"deleteDataStore"},
	{"name":"deleteUserScenario"},
	{"name":"createTestConfig"},
	{"name":"getUserScenarioValidationResults"},
	{"name":"abortRunningTest"},
	{"name":"getTestConfiguration"},
	{"name":"startATestBasedOnTestConfig"},
	{"name":"listUserScenarios"},
	{"name":"getDataStore"},
	{"name":"getLoadZone"},
	{"name":"getUserScenario"},
	{"name":"validateUserScenario"},
	{"name":"getTestResults"}
	],
"resources": [
	{"name":"config"},
	{"name":"root"}
	]
}