{
"serviceName": "metacritic.wsdl2",
"operations": [	{"name":"searchMovies"},
	{"name":"getUserReviews"},
	{"name":"findMovie"},
	{"name":"searchMusicAlbums"},
	{"name":"getDetailsByUrl"},
	{"name":"getNewMovieReleases"},
	{"name":"entityTypeDescription"},
	{"name":"findGame"},
	{"name":"getComingSoonMusicAlbums"},
	{"name":"getCriticReviews"},
	{"name":"gameList"},
	{"name":"searchGames"},
	{"name":"getComingSoonMovieList"},
	{"name":"getAListOfNewReleases"}
	],
"resources": [
	{"name":"result"},
	{"name":"results"},
	{"name":"genres"},
	{"name":"platforms"}
	]
}