{
"serviceName": "passkit.wsdl2",
"operations": [	{"name":"getPassDetails"},
	{"name":"getPassesForTemplate"},
	{"name":"updateTemplate"},
	{"name":"authenticate"},
	{"name":"getTemplateFieldNames"},
	{"name":"uploadImage"},
	{"name":"issuePassBatch"},
	{"name":"updatePass"},
	{"name":"issuePass"},
	{"name":"uploadImage"},
	{"name":"updatePass"},
	{"name":"getImageData"},
	{"name":"getPassDetails"},
	{"name":"listTemplates"},
	{"name":"resetTemplate"},
	{"name":"invalidatePass"},
	{"name":"getUniquePassId"},
	{"name":"invalidatePass"},
	{"name":"getTemplateFieldNamesFull"}
	],
"resources": [
	{"name":"passRecord"},
	{"name":"passes"},
	{"name":"passRecords"},
	{"name":"device_ids"}
	]
}