{
"serviceName": "phantomjscloudwebbrowserandwebpageprocessingasaservice.wsdl2",
"operations": [	{"name":"singlePageRequest"},
	{"name":"queryGeolocations"},
	{"name":"anyAjaxWebpageToHtml"},
	{"name":"singlePageRequestQuerystringVersion"},
	{"name":"anyWebpageToPdf"},
	{"name":"anyWebpageToJpeg"},
	{"name":"queryServiceStatus"},
	{"name":"queryUserQuota"},
	{"name":"batchResultsCallback"},
	{"name":"pinterestToJsonInjectedScripts"},
	{"name":"batchOfPageRequests"}
	],
"resources": [
	{"name":"request"},
	{"name":"pageResponseMetadata"},
	{"name":"pinterest_parser"}
	]
}