{
"serviceName": "producteev.wsdl2",
"operations": [	{"name":"updateLabel"},
	{"name":"uploadLocalFile"},
	{"name":"deleteLabel"},
	{"name":"getProducteevFileByItsId"},
	{"name":"acceptOrRefuseAnInvitation"},
	{"name":"inviteAUserToJoinTheNetwork"},
	{"name":"createANewLabel"},
	{"name":"getTheListOfPendingInvitation"},
	{"name":"deleteProductFile"},
	{"name":"getTheLabelWithTheSpecifiedId"},
	{"name":"uploadRemoteFile"},
	{"name":"addRestrictedProject"},
	{"name":"resendTheEmail"},
	{"name":"returnSuggestedColors"},
	{"name":"returnListOfSuggestions"}
	],
"resources": [
	{"name":"file"},
	{"name":"remoteFile"}
	]
}