{
"serviceName": "recipe.wsdl2",
"operations": [	{"name":"visualizeNutrition"},
	{"name":"computeDailyMealPlan"},
	{"name":"visualizeIngredients"},
	{"name":"quickAnswer"},
	{"name":"classifyCuisine"},
	{"name":"extractRecipeData"},
	{"name":"summarizeRecipe"},
	{"name":"mapIngredients"},
	{"name":"searchRecipes"},
	{"name":"findSimilarRecipes"},
	{"name":"parseIngredients"},
	{"name":"visualizePriceBreakdown"},
	{"name":"createRecipeCard"},
	{"name":"recipeInformation"}
	],
"resources": [
	{"name":"nutrients"},
	{"name":"root"}
	]
}