{
"serviceName": "SentimentTextAnalytics",
"operations": [	{"name":"correction"},
	{"name":"verbs"},
	{"name":"bulkLanguageDetection"},
	{"name":"adjectives"},
	{"name":"sentiment"},
	{"name":"dataExtraction"},
	{"name":"categorizations"},
	{"name":"powerpointSlides"},
	{"name":"chunkingWithSentiment"},
	{"name":"sentimentBulk"},
	{"name":"languageDetection"},
	{"name":"ngrams"},
	{"name":"cleanHtml"},
	{"name":"nouns"}
	],
"resources": [
	{"name":"accommodations"},
	{"name":"food"},
	{"name":"errors"}
	]
}