{
"serviceName": "score",
"operations": [	{"name":"getGameField"},
	{"name":"getPlayerField"},
	{"name":"getPlayerData"},
	{"name":"deletePlayer"},
	{"name":"setPlayerData"},
	{"name":"getGameAverage"},
	{"name":"getGameTotal"},
	{"name":"getAverageScore"},
	{"name":"getPlayerScores"},
	{"name":"getGameData"},
	{"name":"updatePlayerField"},
	{"name":"countBestScores"},
	{"name":"getGame"},
	{"name":"getNotification"},
	{"name":"getGameLowest"},
	{"name":"getScores"},
	{"name":"countPlayers"},
	{"name":"createPlayer"},
	{"name":"getGameTop"},
	{"name":"getPlayers"},
	{"name":"createScore"},
	{"name":"SetGameData"},
	{"name":"getPlayerRank"},
	{"name":"getPlayer"},
	{"name":"countScores"},
	{"name":"setGameData"},
	{"name":"incrementScore"},
	{"name":"getBestScores"},
	{"name":"editPlayer"},
	{"name":"setPlayerData"}
	],
"resources": [
	{"name":"root"},
	{"name":"notifications"}
	]
}