{
"serviceName": "sendgrid.wsdl2",
"operations": [	{"name":"getMultipleCredentials"},
	{"name":"deleteSpamReports"},
	{"name":"deleteMultipleCredentials"},
	{"name":"deactivateApp"},
	{"name":"getAdvancedStatistics"},
	{"name":"getParseWebhookSettings"},
	{"name":"setEmail"},
	{"name":"deleteBlocks"},
	{"name":"getBlocks"},
	{"name":"addMultipleCredentials"},
	{"name":"addUnsubscribes"},
	{"name":"mail"},
	{"name":"deleteEntryParseWebhookSettings"},
	{"name":"getUnsubscribes"},
	{"name":"getAppSettings"},
	{"name":"getBounces"},
	{"name":"countBounces"},
	{"name":"activateApp"},
	{"name":"getInvalidEmails"},
	{"name":"setUsername"},
	{"name":"countBlocks"},
	{"name":"setParseWebhookSettings"},
	{"name":"viewProfile"},
	{"name":"deleteBounces"},
	{"name":"editMultipleCredentials"},
	{"name":"setupApp"},
	{"name":"setProfile"},
	{"name":"getSpamReports"},
	{"name":"setPassword"},
	{"name":"deleteUnsubscribes"},
	{"name":"getAvailable"},
	{"name":"retrieveGeneralStatistics"},
	{"name":"deleteInvalidEmails"}
	],
"resources": [
	{"name":"parse"},
	{"name":"root"},
	{"name":"settings"}
	]
}