{
"serviceName": "standardhoroscopefeature.wsdl2",
"operations": [	{"name":"kalsarpaDoshaReport"},
	{"name":"majorVimshottariDashaDetails"},
	{"name":"numerologyBasicDetails"},
	{"name":"currentVimshottariDasha"},
	{"name":"basicGemstoneSuggestion"},
	{"name":"basicAstrologicalDetails"},
	{"name":"basicPanchangDetails"},
	{"name":"horoscopeCharts"},
	{"name":"planetaryDetails"},
	{"name":"planetPanchangDetailsAtTheTimeOfSunrise"},
	{"name":"manglikReport"},
	{"name":"basicPanchangDetailsAtTheTimeOfSunrise"},
	{"name":"planetaryPanchangDetails"}
	],
"resources": [
	{"name":"sub_minor"},
	{"name":"major"},
	{"name":"minor"},
	{"name":"sub_sub_minor"},
	{"name":"sub_sub_sub_minor"},
	{"name":"BENEFIC"},
	{"name":"LUCKY"},
	{"name":"LIFE"},
	{"name":"manglik_present_rule"}
	]
}