{
"serviceName": "texttools.wsdl2",
"operations": [	{"name":"sentenceCase"},
	{"name":"dosUnix"},
	{"name":"listEncodings"},
	{"name":"reverse"},
	{"name":"count"},
	{"name":"base"},
	{"name":"removeExtraWhitespaces"},
	{"name":"titleCase"},
	{"name":"addSuffix"},
	{"name":"countWords"},
	{"name":"toLower"},
	{"name":"toAscii"},
	{"name":"ncode"},
	{"name":"upsideDown"},
	{"name":"toUtf"},
	{"name":"unixDos"},
	{"name":"removeLinebreaks"},
	{"name":"addLineNumbers"},
	{"name":"findLongestLine"},
	{"name":"removeDuplicateLines"},
	{"name":"convertEncoding"},
	{"name":"countChars"},
	{"name":"toUpper"},
	{"name":"addPrefix"}
	],
"resources": [
	{"name":"success"},
	{"name":"contents"}
	]
}