{
"serviceName": "viewdns.wsdl2",
"operations": [	{"name":"ping"},
	{"name":"whoIs"},
	{"name":"chineseFirewallTest"},
	{"name":"traceroute"},
	{"name":"macAddressLookup"},
	{"name":"dnsRecordLookup"},
	{"name":"spamDatabaseLookup"},
	{"name":"portScanner"},
	{"name":"freeEmailLookup"},
	{"name":"reverseDnsLookup"},
	{"name":"ipLocationFinder"},
	{"name":"dnsPropagationChecker"},
	{"name":"abuseContactLookup"},
	{"name":"iranFirewallTest"}
	],
"resources": [
	{"name":"response"},
	{"name":"query"}
	]
}