{
"serviceName": "witai.wsdl2",
"operations": [	{"name":"deleteExpression"},
	{"name":"newExpression"},
	{"name":"newEntity"},
	{"name":"correspondingIntent"},
	{"name":"deleteEntityValue"},
	{"name":"addEntityValue"},
	{"name":"extractMeaning"},
	{"name":"audioFileMeaning"},
	{"name":"deleteEntity"},
	{"name":"entitiesList"},
	{"name":"entityUpdate"},
	{"name":"message"},
	{"name":"intentsList"},
	{"name":"messageId"}
	],
"resources": [
	{"name":"values"},
	{"name":"entities"},
	{"name":"outcomes"},
	{"name":"stats"}
	]
}