{
  "swagger": "2.0",
  "schemes": [
    "http"
  ],
  "host": "marketplacecommerceanalytics.amazonaws.com",
  "basePath": "/",
  "x-hasEquivalentPaths": true,
  "info": {
    "contact": {
      "email": "mike.ralphson@gmail.com",
      "name": "Mike Ralphson",
      "url": "https://github.com/mermade/aws2openapi"
    },
    "description": "Provides AWS Marketplace business intelligence data on-demand.",
    "license": {
      "name": "Apache 2.0 License",
      "url": "http://www.apache.org/licenses/"
    },
    "termsOfService": "https://aws.amazon.com/service-terms/",
    "title": "AWS Marketplace Commerce Analytics",
    "version": "2015-07-01",
    "x-apiClientRegistration": {
      "url": "https://portal.aws.amazon.com/gp/aws/developer/registration/index.html?nc2=h_ct"
    },
    "x-apisguru-categories": [
      "cloud"
    ],
    "x-logo": {
      "backgroundColor": "#FFFFFF",
      "url": "https://api.apis.guru/v2/cache/logo/https_media.amazonwebservices.com_blog_2007_big_pbaws_logo_300px.jpg"
    },
    "x-origin": [
      {
        "contentType": "application/json",
        "converter": {
          "url": "https://github.com/mermade/aws2openapi",
          "version": "1.0.0"
        },
        "url": "https://raw.githubusercontent.com/aws/aws-sdk-js/master/apis/marketplacecommerceanalytics-2015-07-01.normal.json"
      },
      {
        "format": "swagger",
        "url": "https://raw.githubusercontent.com/mermade/openapi-definitions/master/aws/marketplacecommerceanalytics/2015-07-01/swagger.yaml",
        "version": "2.0",
        "x-apisguru-direct": true
      }
    ],
    "x-preferred": true,
    "x-providerName": "amazonaws.com",
    "x-release": "v4",
    "x-serviceName": "marketplacecommerceanalytics"
  },
  "externalDocs": {
    "description": "Amazon Web Services documentation",
    "url": "https://aws.amazon.com/marketplacecommerceanalytics/"
  },
  "consumes": [
    "application/json"
  ],
  "produces": [
    "application/json"
  ],
  "securityDefinitions": {
    "hmac": {
      "description": "Amazon Signature authorization v4",
      "in": "header",
      "name": "Authorization",
      "type": "apiKey",
      "x-amazon-apigateway-authtype": "awsSigv4"
    }
  },
  "security": [
    {
      "hmac": []
    }
  ],
  "parameters": {
    "Action": {
      "in": "header",
      "name": "Action",
      "required": true,
      "type": "string"
    },
    "Version": {
      "in": "header",
      "name": "Version",
      "required": true,
      "type": "string"
    },
    "X-Amz-Algorithm": {
      "in": "header",
      "name": "X-Amz-Algorithm",
      "required": false,
      "type": "string"
    },
    "X-Amz-Content-Sha256": {
      "in": "header",
      "name": "X-Amz-Content-Sha256",
      "required": false,
      "type": "string"
    },
    "X-Amz-Credential": {
      "in": "header",
      "name": "X-Amz-Credential",
      "required": false,
      "type": "string"
    },
    "X-Amz-Date": {
      "in": "header",
      "name": "X-Amz-Date",
      "required": false,
      "type": "string"
    },
    "X-Amz-Security-Token": {
      "in": "header",
      "name": "X-Amz-Security-Token",
      "required": false,
      "type": "string"
    },
    "X-Amz-Signature": {
      "in": "header",
      "name": "X-Amz-Signature",
      "required": false,
      "type": "string"
    },
    "X-Amz-SignedHeaders": {
      "in": "header",
      "name": "X-Amz-SignedHeaders",
      "required": false,
      "type": "string"
    }
  },
  "paths": {
    "/": {
      "parameters": [
        {
          "$ref": "#/parameters/Action"
        },
        {
          "$ref": "#/parameters/Version"
        },
        {
          "$ref": "#/parameters/X-Amz-Content-Sha256"
        },
        {
          "$ref": "#/parameters/X-Amz-Date"
        },
        {
          "$ref": "#/parameters/X-Amz-Algorithm"
        },
        {
          "$ref": "#/parameters/X-Amz-Credential"
        },
        {
          "$ref": "#/parameters/X-Amz-Security-Token"
        },
        {
          "$ref": "#/parameters/X-Amz-Signature"
        },
        {
          "$ref": "#/parameters/X-Amz-SignedHeaders"
        }
      ],
      "post": {
        "description": "Given a data set type and data set publication date, asynchronously publishes the requested data set to the specified S3 bucket and notifies the specified SNS topic once the data is available. Returns a unique request identifier that can be used to correlate requests with notifications from the SNS topic. Data sets will be published in comma-separated values (CSV) format with the file name {data_set_type}_YYYY-MM-DD.csv. If a file with the same name already exists (e.g. if the same data set is requested twice), the original file will be overwritten by the new file. Requires a Role with an attached permissions policy providing Allow permissions for the following actions: s3:PutObject, s3:GetBucketLocation, sns:GetTopicAttributes, sns:Publish, iam:GetRolePolicy.",
        "operationId": "GenerateDataSet",
        "parameters": [
          {
            "in": "body",
            "name": "body",
            "required": true,
            "schema": {
              "$ref": "#/definitions/GenerateDataSetRequest"
            }
          }
        ],
        "responses": {
          "200": {
            "description": "Success",
            "schema": {
              "$ref": "#/definitions/GenerateDataSetResult"
            }
          },
          "480": {
            "description": "MarketplaceCommerceAnalyticsException",
            "schema": {
              "$ref": "#/definitions/MarketplaceCommerceAnalyticsException"
            }
          }
        }
      }
    },
    "/#StartSupportDataExport": {
      "parameters": [
        {
          "$ref": "#/parameters/Action"
        },
        {
          "$ref": "#/parameters/Version"
        },
        {
          "$ref": "#/parameters/X-Amz-Content-Sha256"
        },
        {
          "$ref": "#/parameters/X-Amz-Date"
        },
        {
          "$ref": "#/parameters/X-Amz-Algorithm"
        },
        {
          "$ref": "#/parameters/X-Amz-Credential"
        },
        {
          "$ref": "#/parameters/X-Amz-Security-Token"
        },
        {
          "$ref": "#/parameters/X-Amz-Signature"
        },
        {
          "$ref": "#/parameters/X-Amz-SignedHeaders"
        }
      ],
      "post": {
        "description": "Given a data set type and a from date, asynchronously publishes the requested customer support data to the specified S3 bucket and notifies the specified SNS topic once the data is available. Returns a unique request identifier that can be used to correlate requests with notifications from the SNS topic. Data sets will be published in comma-separated values (CSV) format with the file name {data_set_type}_YYYY-MM-DD'T'HH-mm-ss'Z'.csv. If a file with the same name already exists (e.g. if the same data set is requested twice), the original file will be overwritten by the new file. Requires a Role with an attached permissions policy providing Allow permissions for the following actions: s3:PutObject, s3:GetBucketLocation, sns:GetTopicAttributes, sns:Publish, iam:GetRolePolicy.",
        "operationId": "StartSupportDataExport",
        "parameters": [
          {
            "in": "body",
            "name": "body",
            "required": true,
            "schema": {
              "$ref": "#/definitions/StartSupportDataExportRequest"
            }
          }
        ],
        "responses": {
          "200": {
            "description": "Success",
            "schema": {
              "$ref": "#/definitions/StartSupportDataExportResult"
            }
          },
          "480": {
            "description": "MarketplaceCommerceAnalyticsException",
            "schema": {
              "$ref": "#/definitions/MarketplaceCommerceAnalyticsException"
            }
          }
        }
      }
    }
  },
  "definitions": {
    "CustomerDefinedValues": {
      "items": {
        "properties": {
          "key": {
            "$ref": "#/definitions/OptionalKey"
          },
          "value": {
            "$ref": "#/definitions/OptionalValue"
          }
        },
        "type": "object"
      },
      "maxItems": 5,
      "minItems": 1,
      "type": "array"
    },
    "DataSetPublicationDate": {
      "format": "date-time",
      "type": "string"
    },
    "DataSetRequestId": {
      "type": "string"
    },
    "DataSetType": {
      "enum": [
        "customer_subscriber_hourly_monthly_subscriptions",
        "customer_subscriber_annual_subscriptions",
        "daily_business_usage_by_instance_type",
        "daily_business_fees",
        "daily_business_free_trial_conversions",
        "daily_business_new_instances",
        "daily_business_new_product_subscribers",
        "daily_business_canceled_product_subscribers",
        "monthly_revenue_billing_and_revenue_data",
        "monthly_revenue_annual_subscriptions",
        "disbursed_amount_by_product",
        "disbursed_amount_by_product_with_uncollected_funds",
        "disbursed_amount_by_instance_hours",
        "disbursed_amount_by_customer_geo",
        "disbursed_amount_by_age_of_uncollected_funds",
        "disbursed_amount_by_age_of_disbursed_funds",
        "customer_profile_by_industry",
        "customer_profile_by_revenue",
        "customer_profile_by_geography",
        "sales_compensation_billed_revenue",
        "us_sales_and_use_tax_records"
      ],
      "maxLength": 255,
      "minLength": 1,
      "type": "string"
    },
    "DestinationS3BucketName": {
      "minLength": 1,
      "type": "string"
    },
    "DestinationS3Prefix": {
      "type": "string"
    },
    "ExceptionMessage": {
      "type": "string"
    },
    "FromDate": {
      "format": "date-time",
      "type": "string"
    },
    "GenerateDataSetRequest": {
      "description": "Container for the parameters to the GenerateDataSet operation.",
      "properties": {
        "customerDefinedValues": {
          "$ref": "#/definitions/CustomerDefinedValues",
          "description": "(Optional) Key-value pairs which will be returned, unmodified, in the Amazon SNS notification message and the data set metadata file. These key-value pairs can be used to correlated responses with tracking information from other systems."
        },
        "dataSetPublicationDate": {
          "$ref": "#/definitions/DataSetPublicationDate",
          "description": "The date a data set was published. For daily data sets, provide a date with day-level granularity for the desired day. For weekly data sets, provide a date with day-level granularity within the desired week (the day value will be ignored). For monthly data sets, provide a date with month-level granularity for the desired month (the day value will be ignored)."
        },
        "dataSetType": {
          "$ref": "#/definitions/DataSetType",
          "description": "<p>The desired data set type.</p> <p> <ul> <li><i>customer_subscriber_hourly_monthly_subscriptions</i> - Available daily by 5:00 PM Pacific Time since 2014-07-21.</li> <li><i>customer_subscriber_annual_subscriptions</i> - Available daily by 5:00 PM Pacific Time since 2014-07-21.</li> <li><i>daily_business_usage_by_instance_type</i> - Available daily by 5:00 PM Pacific Time since 2015-01-26.</li> <li><i>daily_business_fees</i> - Available daily by 5:00 PM Pacific Time since 2015-01-26.</li> <li><i>daily_business_free_trial_conversions</i> - Available daily by 5:00 PM Pacific Time since 2015-01-26.</li> <li><i>daily_business_new_instances</i> - Available daily by 5:00 PM Pacific Time since 2015-01-26.</li> <li><i>daily_business_new_product_subscribers</i> - Available daily by 5:00 PM Pacific Time since 2015-01-26.</li> <li><i>daily_business_canceled_product_subscribers</i> - Available daily by 5:00 PM Pacific Time since 2015-01-26.</li> <li><i>monthly_revenue_billing_and_revenue_data</i> - Available monthly on the 4th day of the month by 5:00 PM Pacific Time since 2015-02.</li> <li><i>monthly_revenue_annual_subscriptions</i> - Available monthly on the 4th day of the month by 5:00 PM Pacific Time since 2015-02.</li> <li><i>disbursed_amount_by_product</i> - Available every 30 days by 5:00 PM Pacific Time since 2015-01-26.</li> <li><i>disbursed_amount_by_product_with_uncollected_funds</i> -This data set is only available from 2012-04-19 until 2015-01-25. After 2015-01-25, this data set was split into three data sets: disbursed_amount_by_product, disbursed_amount_by_age_of_uncollected_funds, and disbursed_amount_by_age_of_disbursed_funds. </li> <li><i>disbursed_amount_by_instance_hours</i> - Available every 30 days by 5:00 PM Pacific Time since 2012-09-04.</li> <li><i>disbursed_amount_by_customer_geo</i> - Available every 30 days by 5:00 PM Pacific Time since 2012-04-19.</li> <li><i>disbursed_amount_by_age_of_uncollected_funds</i> - Available every 30 days by 5:00 PM Pacific Time since 2015-01-26.</li> <li><i>disbursed_amount_by_age_of_disbursed_funds</i> - Available every 30 days by 5:00 PM Pacific Time since 2015-01-26.</li> <li><i>customer_profile_by_industry</i> - Available daily by 5:00 PM Pacific Time since 2015-10-01.</li> <li><i>customer_profile_by_revenue</i> - Available daily by 5:00 PM Pacific Time since 2015-10-01.</li> <li><i>customer_profile_by_geography</i> - Available daily by 5:00 PM Pacific Time since 2015-10-01.</li> <li><i>sales_compensation_billed_revenue</i> - Available monthly on the 4th day of the month by 5:00 PM Pacific Time since 2016-12.</li> <li><i>us_sales_and_use_tax_records</i> - Available monthly on the 15th day of the month by 5:00 PM Pacific Time since 2017-02-15.</li> </ul> </p>"
        },
        "destinationS3BucketName": {
          "$ref": "#/definitions/DestinationS3BucketName",
          "description": "The name (friendly name, not ARN) of the destination S3 bucket."
        },
        "destinationS3Prefix": {
          "$ref": "#/definitions/DestinationS3Prefix",
          "description": "(Optional) The desired S3 prefix for the published data set, similar to a directory path in standard file systems. For example, if given the bucket name \"mybucket\" and the prefix \"myprefix/mydatasets\", the output file \"outputfile\" would be published to \"s3://mybucket/myprefix/mydatasets/outputfile\". If the prefix directory structure does not exist, it will be created. If no prefix is provided, the data set will be published to the S3 bucket root."
        },
        "roleNameArn": {
          "$ref": "#/definitions/RoleNameArn",
          "description": "The Amazon Resource Name (ARN) of the Role with an attached permissions policy to interact with the provided AWS services."
        },
        "snsTopicArn": {
          "$ref": "#/definitions/SnsTopicArn",
          "description": "Amazon Resource Name (ARN) for the SNS Topic that will be notified when the data set has been published or if an error has occurred."
        }
      },
      "required": [
        "dataSetType",
        "dataSetPublicationDate",
        "roleNameArn",
        "destinationS3BucketName",
        "snsTopicArn"
      ],
      "type": "object"
    },
    "GenerateDataSetResult": {
      "description": "Container for the result of the GenerateDataSet operation.",
      "properties": {
        "dataSetRequestId": {
          "$ref": "#/definitions/DataSetRequestId",
          "description": "A unique identifier representing a specific request to the GenerateDataSet operation. This identifier can be used to correlate a request with notifications from the SNS topic."
        }
      },
      "type": "object"
    },
    "MarketplaceCommerceAnalyticsException": {
      "description": "This exception is thrown when an internal service error occurs.",
      "properties": {
        "message": {
          "$ref": "#/definitions/ExceptionMessage",
          "description": "This message describes details of the error."
        }
      },
      "type": "object"
    },
    "OptionalKey": {
      "maxLength": 255,
      "minLength": 1,
      "type": "string"
    },
    "OptionalValue": {
      "maxLength": 255,
      "minLength": 1,
      "type": "string"
    },
    "RoleNameArn": {
      "minLength": 1,
      "type": "string"
    },
    "SnsTopicArn": {
      "minLength": 1,
      "type": "string"
    },
    "StartSupportDataExportRequest": {
      "description": "Container for the parameters to the StartSupportDataExport operation.",
      "properties": {
        "customerDefinedValues": {
          "$ref": "#/definitions/CustomerDefinedValues",
          "description": "(Optional) Key-value pairs which will be returned, unmodified, in the Amazon SNS notification message and the data set metadata file."
        },
        "dataSetType": {
          "$ref": "#/definitions/SupportDataSetType",
          "description": "<p> Specifies the data set type to be written to the output csv file. The data set types customer_support_contacts_data and test_customer_support_contacts_data both result in a csv file containing the following fields: Product Id, Product Code, Customer Guid, Subscription Guid, Subscription Start Date, Organization, AWS Account Id, Given Name, Surname, Telephone Number, Email, Title, Country Code, ZIP Code, Operation Type, and Operation Time. </p> <p> <ul> <li><i>customer_support_contacts_data</i> Customer support contact data. The data set will contain all changes (Creates, Updates, and Deletes) to customer support contact data from the date specified in the from_date parameter.</li> <li><i>test_customer_support_contacts_data</i> An example data set containing static test data in the same format as customer_support_contacts_data</li> </ul> </p>"
        },
        "destinationS3BucketName": {
          "$ref": "#/definitions/DestinationS3BucketName",
          "description": "The name (friendly name, not ARN) of the destination S3 bucket."
        },
        "destinationS3Prefix": {
          "$ref": "#/definitions/DestinationS3Prefix",
          "description": "(Optional) The desired S3 prefix for the published data set, similar to a directory path in standard file systems. For example, if given the bucket name \"mybucket\" and the prefix \"myprefix/mydatasets\", the output file \"outputfile\" would be published to \"s3://mybucket/myprefix/mydatasets/outputfile\". If the prefix directory structure does not exist, it will be created. If no prefix is provided, the data set will be published to the S3 bucket root."
        },
        "fromDate": {
          "$ref": "#/definitions/FromDate",
          "description": "The start date from which to retrieve the data set in UTC. This parameter only affects the customer_support_contacts_data data set type."
        },
        "roleNameArn": {
          "$ref": "#/definitions/RoleNameArn",
          "description": "The Amazon Resource Name (ARN) of the Role with an attached permissions policy to interact with the provided AWS services."
        },
        "snsTopicArn": {
          "$ref": "#/definitions/SnsTopicArn",
          "description": "Amazon Resource Name (ARN) for the SNS Topic that will be notified when the data set has been published or if an error has occurred."
        }
      },
      "required": [
        "dataSetType",
        "fromDate",
        "roleNameArn",
        "destinationS3BucketName",
        "snsTopicArn"
      ],
      "type": "object"
    },
    "StartSupportDataExportResult": {
      "description": "Container for the result of the StartSupportDataExport operation.",
      "properties": {
        "dataSetRequestId": {
          "$ref": "#/definitions/DataSetRequestId",
          "description": "A unique identifier representing a specific request to the StartSupportDataExport operation. This identifier can be used to correlate a request with notifications from the SNS topic."
        }
      },
      "type": "object"
    },
    "SupportDataSetType": {
      "enum": [
        "customer_support_contacts_data",
        "test_customer_support_contacts_data"
      ],
      "maxLength": 255,
      "minLength": 1,
      "type": "string"
    }
  }
}
