{
  "swagger": "2.0",
  "schemes": [
    "http"
  ],
  "host": "codestar.amazonaws.com",
  "basePath": "/",
  "x-hasEquivalentPaths": true,
  "info": {
    "contact": {
      "email": "mike.ralphson@gmail.com",
      "name": "Mike Ralphson",
      "url": "https://github.com/mermade/aws2openapi"
    },
    "description": "<fullname>AWS CodeStar</fullname> <p>This is the API reference for AWS CodeStar. This reference provides descriptions of the operations and data types for the AWS CodeStar API along with usage examples.</p> <p>You can use the AWS CodeStar API to work with:</p> <p>Projects and their resources, by calling the following:</p> <ul> <li> <p> <a>CreateProject</a>, which creates an empty project in AWS CodeStar with no resources.</p> </li> <li> <p> <a>DeleteProject</a>, which deletes a project in AWS CodeStar.</p> </li> <li> <p> <a>DescribeProject</a>, which lists the attributes of a project.</p> </li> <li> <p> <a>ListProjects</a>, which lists all AWS CodeStar projects associated with your AWS account.</p> </li> <li> <p> <a>ListResources</a>, which lists the resources associated with an AWS CodeStar project.</p> </li> <li> <p> <a>UpdateProject</a>, which updates the attributes of an AWS CodeStar project.</p> </li> </ul> <p>Teams and team members, by calling the following:</p> <ul> <li> <p> <a>AssociateTeamMember</a>, which adds an IAM user to the team for an AWS CodeStar project.</p> </li> <li> <p> <a>DisassociateTeamMember</a>, which removes an IAM user from the team for an AWS CodeStar project.</p> </li> <li> <p> <a>ListTeamMembers</a>, which lists all the IAM users in the team for an AWS CodeStar project, including their roles and attributes.</p> </li> </ul> <p>Users, by calling the following:</p> <ul> <li> <p> <a>CreateUserProfile</a>, which creates a user profile that contains data associated with the user across all AWS CodeStar projects.</p> </li> <li> <p> <a>DeleteUserProfile</a>, which deletes all user profile information across all AWS CodeStar projects.</p> </li> <li> <p> <a>DescribeUserProfile</a>, which describes the profile of a user.</p> </li> <li> <p> <a>ListUserProfiles</a>, which lists all AWS CodeStar user profiles.</p> </li> <li> <p> <a>UpdateUserProfile</a>, which updates the profile for an AWS CodeStar user. </p> </li> </ul>",
    "license": {
      "name": "Apache 2.0 License",
      "url": "http://www.apache.org/licenses/"
    },
    "termsOfService": "https://aws.amazon.com/service-terms/",
    "title": "AWS CodeStar",
    "version": "2017-04-19",
    "x-apiClientRegistration": {
      "url": "https://portal.aws.amazon.com/gp/aws/developer/registration/index.html?nc2=h_ct"
    },
    "x-apisguru-categories": [
      "cloud"
    ],
    "x-logo": {
      "backgroundColor": "#FFFFFF",
      "url": "https://api.apis.guru/v2/cache/logo/https_media.amazonwebservices.com_blog_2007_big_pbaws_logo_300px.jpg"
    },
    "x-origin": [
      {
        "contentType": "application/json",
        "converter": {
          "url": "https://github.com/mermade/aws2openapi",
          "version": "1.0.0"
        },
        "url": "https://raw.githubusercontent.com/aws/aws-sdk-js/master/apis/codestar-2017-04-19.normal.json"
      },
      {
        "format": "swagger",
        "url": "https://raw.githubusercontent.com/mermade/openapi-definitions/master/aws/codestar/2017-04-19/swagger.yaml",
        "version": "2.0",
        "x-apisguru-direct": true
      }
    ],
    "x-preferred": true,
    "x-providerName": "amazonaws.com",
    "x-release": "v4",
    "x-serviceName": "codestar"
  },
  "externalDocs": {
    "description": "Amazon Web Services documentation",
    "url": "https://aws.amazon.com/codestar/"
  },
  "consumes": [
    "application/json"
  ],
  "produces": [
    "application/json"
  ],
  "securityDefinitions": {
    "hmac": {
      "description": "Amazon Signature authorization v4",
      "in": "header",
      "name": "Authorization",
      "type": "apiKey",
      "x-amazon-apigateway-authtype": "awsSigv4"
    }
  },
  "security": [
    {
      "hmac": []
    }
  ],
  "parameters": {
    "Action": {
      "in": "header",
      "name": "Action",
      "required": true,
      "type": "string"
    },
    "Version": {
      "in": "header",
      "name": "Version",
      "required": true,
      "type": "string"
    },
    "X-Amz-Algorithm": {
      "in": "header",
      "name": "X-Amz-Algorithm",
      "required": false,
      "type": "string"
    },
    "X-Amz-Content-Sha256": {
      "in": "header",
      "name": "X-Amz-Content-Sha256",
      "required": false,
      "type": "string"
    },
    "X-Amz-Credential": {
      "in": "header",
      "name": "X-Amz-Credential",
      "required": false,
      "type": "string"
    },
    "X-Amz-Date": {
      "in": "header",
      "name": "X-Amz-Date",
      "required": false,
      "type": "string"
    },
    "X-Amz-Security-Token": {
      "in": "header",
      "name": "X-Amz-Security-Token",
      "required": false,
      "type": "string"
    },
    "X-Amz-Signature": {
      "in": "header",
      "name": "X-Amz-Signature",
      "required": false,
      "type": "string"
    },
    "X-Amz-SignedHeaders": {
      "in": "header",
      "name": "X-Amz-SignedHeaders",
      "required": false,
      "type": "string"
    }
  },
  "paths": {
    "/": {
      "parameters": [
        {
          "$ref": "#/parameters/Action"
        },
        {
          "$ref": "#/parameters/Version"
        },
        {
          "$ref": "#/parameters/X-Amz-Content-Sha256"
        },
        {
          "$ref": "#/parameters/X-Amz-Date"
        },
        {
          "$ref": "#/parameters/X-Amz-Algorithm"
        },
        {
          "$ref": "#/parameters/X-Amz-Credential"
        },
        {
          "$ref": "#/parameters/X-Amz-Security-Token"
        },
        {
          "$ref": "#/parameters/X-Amz-Signature"
        },
        {
          "$ref": "#/parameters/X-Amz-SignedHeaders"
        }
      ],
      "post": {
        "description": "Adds an IAM user to the team for an AWS CodeStar project.",
        "operationId": "AssociateTeamMember",
        "parameters": [
          {
            "in": "body",
            "name": "body",
            "required": true,
            "schema": {
              "$ref": "#/definitions/AssociateTeamMemberRequest"
            }
          }
        ],
        "responses": {
          "200": {
            "description": "Success",
            "schema": {
              "$ref": "#/definitions/AssociateTeamMemberResult"
            }
          },
          "480": {
            "description": "LimitExceededException",
            "schema": {
              "$ref": "#/definitions/LimitExceededException"
            }
          },
          "481": {
            "description": "ProjectNotFoundException",
            "schema": {
              "$ref": "#/definitions/ProjectNotFoundException"
            }
          },
          "482": {
            "description": "TeamMemberAlreadyAssociatedException",
            "schema": {
              "$ref": "#/definitions/TeamMemberAlreadyAssociatedException"
            }
          },
          "483": {
            "description": "ValidationException",
            "schema": {
              "$ref": "#/definitions/ValidationException"
            }
          },
          "484": {
            "description": "InvalidServiceRoleException",
            "schema": {
              "$ref": "#/definitions/InvalidServiceRoleException"
            }
          },
          "485": {
            "description": "ProjectConfigurationException",
            "schema": {
              "$ref": "#/definitions/ProjectConfigurationException"
            }
          },
          "486": {
            "description": "ConcurrentModificationException",
            "schema": {
              "$ref": "#/definitions/ConcurrentModificationException"
            }
          }
        }
      }
    },
    "/#CreateProject": {
      "parameters": [
        {
          "$ref": "#/parameters/Action"
        },
        {
          "$ref": "#/parameters/Version"
        },
        {
          "$ref": "#/parameters/X-Amz-Content-Sha256"
        },
        {
          "$ref": "#/parameters/X-Amz-Date"
        },
        {
          "$ref": "#/parameters/X-Amz-Algorithm"
        },
        {
          "$ref": "#/parameters/X-Amz-Credential"
        },
        {
          "$ref": "#/parameters/X-Amz-Security-Token"
        },
        {
          "$ref": "#/parameters/X-Amz-Signature"
        },
        {
          "$ref": "#/parameters/X-Amz-SignedHeaders"
        }
      ],
      "post": {
        "description": "Creates a project in AWS CodeStar with minimal structure and no resources.",
        "operationId": "CreateProject",
        "parameters": [
          {
            "in": "body",
            "name": "body",
            "required": true,
            "schema": {
              "$ref": "#/definitions/CreateProjectRequest"
            }
          }
        ],
        "responses": {
          "200": {
            "description": "Success",
            "schema": {
              "$ref": "#/definitions/CreateProjectResult"
            }
          },
          "480": {
            "description": "ProjectAlreadyExistsException",
            "schema": {
              "$ref": "#/definitions/ProjectAlreadyExistsException"
            }
          },
          "481": {
            "description": "LimitExceededException",
            "schema": {
              "$ref": "#/definitions/LimitExceededException"
            }
          },
          "482": {
            "description": "ValidationException",
            "schema": {
              "$ref": "#/definitions/ValidationException"
            }
          },
          "483": {
            "description": "ProjectCreationFailedException",
            "schema": {
              "$ref": "#/definitions/ProjectCreationFailedException"
            }
          },
          "484": {
            "description": "InvalidServiceRoleException",
            "schema": {
              "$ref": "#/definitions/InvalidServiceRoleException"
            }
          },
          "485": {
            "description": "ProjectConfigurationException",
            "schema": {
              "$ref": "#/definitions/ProjectConfigurationException"
            }
          },
          "486": {
            "description": "ConcurrentModificationException",
            "schema": {
              "$ref": "#/definitions/ConcurrentModificationException"
            }
          }
        }
      }
    },
    "/#CreateUserProfile": {
      "parameters": [
        {
          "$ref": "#/parameters/Action"
        },
        {
          "$ref": "#/parameters/Version"
        },
        {
          "$ref": "#/parameters/X-Amz-Content-Sha256"
        },
        {
          "$ref": "#/parameters/X-Amz-Date"
        },
        {
          "$ref": "#/parameters/X-Amz-Algorithm"
        },
        {
          "$ref": "#/parameters/X-Amz-Credential"
        },
        {
          "$ref": "#/parameters/X-Amz-Security-Token"
        },
        {
          "$ref": "#/parameters/X-Amz-Signature"
        },
        {
          "$ref": "#/parameters/X-Amz-SignedHeaders"
        }
      ],
      "post": {
        "description": "Creates a profile for a user that includes user preferences, such as the display name and email address assocciated with the user, in AWS CodeStar. The user profile is not project-specific. Information in the user profile is displayed wherever the user's information appears to other users in AWS CodeStar.",
        "operationId": "CreateUserProfile",
        "parameters": [
          {
            "in": "body",
            "name": "body",
            "required": true,
            "schema": {
              "$ref": "#/definitions/CreateUserProfileRequest"
            }
          }
        ],
        "responses": {
          "200": {
            "description": "Success",
            "schema": {
              "$ref": "#/definitions/CreateUserProfileResult"
            }
          },
          "480": {
            "description": "UserProfileAlreadyExistsException",
            "schema": {
              "$ref": "#/definitions/UserProfileAlreadyExistsException"
            }
          },
          "481": {
            "description": "ValidationException",
            "schema": {
              "$ref": "#/definitions/ValidationException"
            }
          }
        }
      }
    },
    "/#DeleteProject": {
      "parameters": [
        {
          "$ref": "#/parameters/Action"
        },
        {
          "$ref": "#/parameters/Version"
        },
        {
          "$ref": "#/parameters/X-Amz-Content-Sha256"
        },
        {
          "$ref": "#/parameters/X-Amz-Date"
        },
        {
          "$ref": "#/parameters/X-Amz-Algorithm"
        },
        {
          "$ref": "#/parameters/X-Amz-Credential"
        },
        {
          "$ref": "#/parameters/X-Amz-Security-Token"
        },
        {
          "$ref": "#/parameters/X-Amz-Signature"
        },
        {
          "$ref": "#/parameters/X-Amz-SignedHeaders"
        }
      ],
      "post": {
        "description": "Deletes a project, including project resources. Does not delete users associated with the project, but does delete the IAM roles that allowed access to the project.",
        "operationId": "DeleteProject",
        "parameters": [
          {
            "in": "body",
            "name": "body",
            "required": true,
            "schema": {
              "$ref": "#/definitions/DeleteProjectRequest"
            }
          }
        ],
        "responses": {
          "200": {
            "description": "Success",
            "schema": {
              "$ref": "#/definitions/DeleteProjectResult"
            }
          },
          "480": {
            "description": "ConcurrentModificationException",
            "schema": {
              "$ref": "#/definitions/ConcurrentModificationException"
            }
          },
          "481": {
            "description": "ValidationException",
            "schema": {
              "$ref": "#/definitions/ValidationException"
            }
          },
          "482": {
            "description": "InvalidServiceRoleException",
            "schema": {
              "$ref": "#/definitions/InvalidServiceRoleException"
            }
          }
        }
      }
    },
    "/#DeleteUserProfile": {
      "parameters": [
        {
          "$ref": "#/parameters/Action"
        },
        {
          "$ref": "#/parameters/Version"
        },
        {
          "$ref": "#/parameters/X-Amz-Content-Sha256"
        },
        {
          "$ref": "#/parameters/X-Amz-Date"
        },
        {
          "$ref": "#/parameters/X-Amz-Algorithm"
        },
        {
          "$ref": "#/parameters/X-Amz-Credential"
        },
        {
          "$ref": "#/parameters/X-Amz-Security-Token"
        },
        {
          "$ref": "#/parameters/X-Amz-Signature"
        },
        {
          "$ref": "#/parameters/X-Amz-SignedHeaders"
        }
      ],
      "post": {
        "description": "Deletes a user profile in AWS CodeStar, including all personal preference data associated with that profile, such as display name and email address. It does not delete the history of that user, for example the history of commits made by that user.",
        "operationId": "DeleteUserProfile",
        "parameters": [
          {
            "in": "body",
            "name": "body",
            "required": true,
            "schema": {
              "$ref": "#/definitions/DeleteUserProfileRequest"
            }
          }
        ],
        "responses": {
          "200": {
            "description": "Success",
            "schema": {
              "$ref": "#/definitions/DeleteUserProfileResult"
            }
          },
          "480": {
            "description": "ValidationException",
            "schema": {
              "$ref": "#/definitions/ValidationException"
            }
          }
        }
      }
    },
    "/#DescribeProject": {
      "parameters": [
        {
          "$ref": "#/parameters/Action"
        },
        {
          "$ref": "#/parameters/Version"
        },
        {
          "$ref": "#/parameters/X-Amz-Content-Sha256"
        },
        {
          "$ref": "#/parameters/X-Amz-Date"
        },
        {
          "$ref": "#/parameters/X-Amz-Algorithm"
        },
        {
          "$ref": "#/parameters/X-Amz-Credential"
        },
        {
          "$ref": "#/parameters/X-Amz-Security-Token"
        },
        {
          "$ref": "#/parameters/X-Amz-Signature"
        },
        {
          "$ref": "#/parameters/X-Amz-SignedHeaders"
        }
      ],
      "post": {
        "description": "Describes a project and its resources.",
        "operationId": "DescribeProject",
        "parameters": [
          {
            "in": "body",
            "name": "body",
            "required": true,
            "schema": {
              "$ref": "#/definitions/DescribeProjectRequest"
            }
          }
        ],
        "responses": {
          "200": {
            "description": "Success",
            "schema": {
              "$ref": "#/definitions/DescribeProjectResult"
            }
          },
          "480": {
            "description": "ProjectNotFoundException",
            "schema": {
              "$ref": "#/definitions/ProjectNotFoundException"
            }
          },
          "481": {
            "description": "ValidationException",
            "schema": {
              "$ref": "#/definitions/ValidationException"
            }
          },
          "482": {
            "description": "InvalidServiceRoleException",
            "schema": {
              "$ref": "#/definitions/InvalidServiceRoleException"
            }
          },
          "483": {
            "description": "ProjectConfigurationException",
            "schema": {
              "$ref": "#/definitions/ProjectConfigurationException"
            }
          },
          "484": {
            "description": "ConcurrentModificationException",
            "schema": {
              "$ref": "#/definitions/ConcurrentModificationException"
            }
          }
        }
      }
    },
    "/#DescribeUserProfile": {
      "parameters": [
        {
          "$ref": "#/parameters/Action"
        },
        {
          "$ref": "#/parameters/Version"
        },
        {
          "$ref": "#/parameters/X-Amz-Content-Sha256"
        },
        {
          "$ref": "#/parameters/X-Amz-Date"
        },
        {
          "$ref": "#/parameters/X-Amz-Algorithm"
        },
        {
          "$ref": "#/parameters/X-Amz-Credential"
        },
        {
          "$ref": "#/parameters/X-Amz-Security-Token"
        },
        {
          "$ref": "#/parameters/X-Amz-Signature"
        },
        {
          "$ref": "#/parameters/X-Amz-SignedHeaders"
        }
      ],
      "post": {
        "description": "Describes a user in AWS CodeStar and the user attributes across all projects.",
        "operationId": "DescribeUserProfile",
        "parameters": [
          {
            "in": "body",
            "name": "body",
            "required": true,
            "schema": {
              "$ref": "#/definitions/DescribeUserProfileRequest"
            }
          }
        ],
        "responses": {
          "200": {
            "description": "Success",
            "schema": {
              "$ref": "#/definitions/DescribeUserProfileResult"
            }
          },
          "480": {
            "description": "UserProfileNotFoundException",
            "schema": {
              "$ref": "#/definitions/UserProfileNotFoundException"
            }
          },
          "481": {
            "description": "ValidationException",
            "schema": {
              "$ref": "#/definitions/ValidationException"
            }
          }
        }
      }
    },
    "/#DisassociateTeamMember": {
      "parameters": [
        {
          "$ref": "#/parameters/Action"
        },
        {
          "$ref": "#/parameters/Version"
        },
        {
          "$ref": "#/parameters/X-Amz-Content-Sha256"
        },
        {
          "$ref": "#/parameters/X-Amz-Date"
        },
        {
          "$ref": "#/parameters/X-Amz-Algorithm"
        },
        {
          "$ref": "#/parameters/X-Amz-Credential"
        },
        {
          "$ref": "#/parameters/X-Amz-Security-Token"
        },
        {
          "$ref": "#/parameters/X-Amz-Signature"
        },
        {
          "$ref": "#/parameters/X-Amz-SignedHeaders"
        }
      ],
      "post": {
        "description": "Removes a user from a project. Removing a user from a project also removes the IAM policies from that user that allowed access to the project and its resources. Disassociating a team member does not remove that user's profile from AWS CodeStar. It does not remove the user from IAM.",
        "operationId": "DisassociateTeamMember",
        "parameters": [
          {
            "in": "body",
            "name": "body",
            "required": true,
            "schema": {
              "$ref": "#/definitions/DisassociateTeamMemberRequest"
            }
          }
        ],
        "responses": {
          "200": {
            "description": "Success",
            "schema": {
              "$ref": "#/definitions/DisassociateTeamMemberResult"
            }
          },
          "480": {
            "description": "ProjectNotFoundException",
            "schema": {
              "$ref": "#/definitions/ProjectNotFoundException"
            }
          },
          "481": {
            "description": "ValidationException",
            "schema": {
              "$ref": "#/definitions/ValidationException"
            }
          },
          "482": {
            "description": "InvalidServiceRoleException",
            "schema": {
              "$ref": "#/definitions/InvalidServiceRoleException"
            }
          },
          "483": {
            "description": "ConcurrentModificationException",
            "schema": {
              "$ref": "#/definitions/ConcurrentModificationException"
            }
          }
        }
      }
    },
    "/#ListProjects": {
      "parameters": [
        {
          "$ref": "#/parameters/Action"
        },
        {
          "$ref": "#/parameters/Version"
        },
        {
          "$ref": "#/parameters/X-Amz-Content-Sha256"
        },
        {
          "$ref": "#/parameters/X-Amz-Date"
        },
        {
          "$ref": "#/parameters/X-Amz-Algorithm"
        },
        {
          "$ref": "#/parameters/X-Amz-Credential"
        },
        {
          "$ref": "#/parameters/X-Amz-Security-Token"
        },
        {
          "$ref": "#/parameters/X-Amz-Signature"
        },
        {
          "$ref": "#/parameters/X-Amz-SignedHeaders"
        }
      ],
      "post": {
        "description": "Lists all projects in AWS CodeStar associated with your AWS account.",
        "operationId": "ListProjects",
        "parameters": [
          {
            "in": "body",
            "name": "body",
            "required": true,
            "schema": {
              "$ref": "#/definitions/ListProjectsRequest"
            }
          }
        ],
        "responses": {
          "200": {
            "description": "Success",
            "schema": {
              "$ref": "#/definitions/ListProjectsResult"
            }
          },
          "480": {
            "description": "InvalidNextTokenException",
            "schema": {
              "$ref": "#/definitions/InvalidNextTokenException"
            }
          },
          "481": {
            "description": "ValidationException",
            "schema": {
              "$ref": "#/definitions/ValidationException"
            }
          }
        }
      }
    },
    "/#ListResources": {
      "parameters": [
        {
          "$ref": "#/parameters/Action"
        },
        {
          "$ref": "#/parameters/Version"
        },
        {
          "$ref": "#/parameters/X-Amz-Content-Sha256"
        },
        {
          "$ref": "#/parameters/X-Amz-Date"
        },
        {
          "$ref": "#/parameters/X-Amz-Algorithm"
        },
        {
          "$ref": "#/parameters/X-Amz-Credential"
        },
        {
          "$ref": "#/parameters/X-Amz-Security-Token"
        },
        {
          "$ref": "#/parameters/X-Amz-Signature"
        },
        {
          "$ref": "#/parameters/X-Amz-SignedHeaders"
        }
      ],
      "post": {
        "description": "Lists resources associated with a project in AWS CodeStar.",
        "operationId": "ListResources",
        "parameters": [
          {
            "in": "body",
            "name": "body",
            "required": true,
            "schema": {
              "$ref": "#/definitions/ListResourcesRequest"
            }
          }
        ],
        "responses": {
          "200": {
            "description": "Success",
            "schema": {
              "$ref": "#/definitions/ListResourcesResult"
            }
          },
          "480": {
            "description": "ProjectNotFoundException",
            "schema": {
              "$ref": "#/definitions/ProjectNotFoundException"
            }
          },
          "481": {
            "description": "InvalidNextTokenException",
            "schema": {
              "$ref": "#/definitions/InvalidNextTokenException"
            }
          },
          "482": {
            "description": "ValidationException",
            "schema": {
              "$ref": "#/definitions/ValidationException"
            }
          }
        }
      }
    },
    "/#ListTeamMembers": {
      "parameters": [
        {
          "$ref": "#/parameters/Action"
        },
        {
          "$ref": "#/parameters/Version"
        },
        {
          "$ref": "#/parameters/X-Amz-Content-Sha256"
        },
        {
          "$ref": "#/parameters/X-Amz-Date"
        },
        {
          "$ref": "#/parameters/X-Amz-Algorithm"
        },
        {
          "$ref": "#/parameters/X-Amz-Credential"
        },
        {
          "$ref": "#/parameters/X-Amz-Security-Token"
        },
        {
          "$ref": "#/parameters/X-Amz-Signature"
        },
        {
          "$ref": "#/parameters/X-Amz-SignedHeaders"
        }
      ],
      "post": {
        "description": "Lists all team members associated with a project.",
        "operationId": "ListTeamMembers",
        "parameters": [
          {
            "in": "body",
            "name": "body",
            "required": true,
            "schema": {
              "$ref": "#/definitions/ListTeamMembersRequest"
            }
          }
        ],
        "responses": {
          "200": {
            "description": "Success",
            "schema": {
              "$ref": "#/definitions/ListTeamMembersResult"
            }
          },
          "480": {
            "description": "ProjectNotFoundException",
            "schema": {
              "$ref": "#/definitions/ProjectNotFoundException"
            }
          },
          "481": {
            "description": "InvalidNextTokenException",
            "schema": {
              "$ref": "#/definitions/InvalidNextTokenException"
            }
          },
          "482": {
            "description": "ValidationException",
            "schema": {
              "$ref": "#/definitions/ValidationException"
            }
          }
        }
      }
    },
    "/#ListUserProfiles": {
      "parameters": [
        {
          "$ref": "#/parameters/Action"
        },
        {
          "$ref": "#/parameters/Version"
        },
        {
          "$ref": "#/parameters/X-Amz-Content-Sha256"
        },
        {
          "$ref": "#/parameters/X-Amz-Date"
        },
        {
          "$ref": "#/parameters/X-Amz-Algorithm"
        },
        {
          "$ref": "#/parameters/X-Amz-Credential"
        },
        {
          "$ref": "#/parameters/X-Amz-Security-Token"
        },
        {
          "$ref": "#/parameters/X-Amz-Signature"
        },
        {
          "$ref": "#/parameters/X-Amz-SignedHeaders"
        }
      ],
      "post": {
        "description": "Lists all the user profiles configured for your AWS account in AWS CodeStar.",
        "operationId": "ListUserProfiles",
        "parameters": [
          {
            "in": "body",
            "name": "body",
            "required": true,
            "schema": {
              "$ref": "#/definitions/ListUserProfilesRequest"
            }
          }
        ],
        "responses": {
          "200": {
            "description": "Success",
            "schema": {
              "$ref": "#/definitions/ListUserProfilesResult"
            }
          },
          "480": {
            "description": "InvalidNextTokenException",
            "schema": {
              "$ref": "#/definitions/InvalidNextTokenException"
            }
          },
          "481": {
            "description": "ValidationException",
            "schema": {
              "$ref": "#/definitions/ValidationException"
            }
          }
        }
      }
    },
    "/#UpdateProject": {
      "parameters": [
        {
          "$ref": "#/parameters/Action"
        },
        {
          "$ref": "#/parameters/Version"
        },
        {
          "$ref": "#/parameters/X-Amz-Content-Sha256"
        },
        {
          "$ref": "#/parameters/X-Amz-Date"
        },
        {
          "$ref": "#/parameters/X-Amz-Algorithm"
        },
        {
          "$ref": "#/parameters/X-Amz-Credential"
        },
        {
          "$ref": "#/parameters/X-Amz-Security-Token"
        },
        {
          "$ref": "#/parameters/X-Amz-Signature"
        },
        {
          "$ref": "#/parameters/X-Amz-SignedHeaders"
        }
      ],
      "post": {
        "description": "Updates a project in AWS CodeStar.",
        "operationId": "UpdateProject",
        "parameters": [
          {
            "in": "body",
            "name": "body",
            "required": true,
            "schema": {
              "$ref": "#/definitions/UpdateProjectRequest"
            }
          }
        ],
        "responses": {
          "200": {
            "description": "Success",
            "schema": {
              "$ref": "#/definitions/UpdateProjectResult"
            }
          },
          "480": {
            "description": "ProjectNotFoundException",
            "schema": {
              "$ref": "#/definitions/ProjectNotFoundException"
            }
          },
          "481": {
            "description": "ValidationException",
            "schema": {
              "$ref": "#/definitions/ValidationException"
            }
          }
        }
      }
    },
    "/#UpdateTeamMember": {
      "parameters": [
        {
          "$ref": "#/parameters/Action"
        },
        {
          "$ref": "#/parameters/Version"
        },
        {
          "$ref": "#/parameters/X-Amz-Content-Sha256"
        },
        {
          "$ref": "#/parameters/X-Amz-Date"
        },
        {
          "$ref": "#/parameters/X-Amz-Algorithm"
        },
        {
          "$ref": "#/parameters/X-Amz-Credential"
        },
        {
          "$ref": "#/parameters/X-Amz-Security-Token"
        },
        {
          "$ref": "#/parameters/X-Amz-Signature"
        },
        {
          "$ref": "#/parameters/X-Amz-SignedHeaders"
        }
      ],
      "post": {
        "description": "Updates a team member's attributes in an AWS CodeStar project. For example, you can change a team member's role in the project, or change whether they have remote access to project resources.",
        "operationId": "UpdateTeamMember",
        "parameters": [
          {
            "in": "body",
            "name": "body",
            "required": true,
            "schema": {
              "$ref": "#/definitions/UpdateTeamMemberRequest"
            }
          }
        ],
        "responses": {
          "200": {
            "description": "Success",
            "schema": {
              "$ref": "#/definitions/UpdateTeamMemberResult"
            }
          },
          "480": {
            "description": "LimitExceededException",
            "schema": {
              "$ref": "#/definitions/LimitExceededException"
            }
          },
          "481": {
            "description": "ProjectNotFoundException",
            "schema": {
              "$ref": "#/definitions/ProjectNotFoundException"
            }
          },
          "482": {
            "description": "ValidationException",
            "schema": {
              "$ref": "#/definitions/ValidationException"
            }
          },
          "483": {
            "description": "InvalidServiceRoleException",
            "schema": {
              "$ref": "#/definitions/InvalidServiceRoleException"
            }
          },
          "484": {
            "description": "ProjectConfigurationException",
            "schema": {
              "$ref": "#/definitions/ProjectConfigurationException"
            }
          },
          "485": {
            "description": "ConcurrentModificationException",
            "schema": {
              "$ref": "#/definitions/ConcurrentModificationException"
            }
          },
          "486": {
            "description": "TeamMemberNotFoundException",
            "schema": {
              "$ref": "#/definitions/TeamMemberNotFoundException"
            }
          }
        }
      }
    },
    "/#UpdateUserProfile": {
      "parameters": [
        {
          "$ref": "#/parameters/Action"
        },
        {
          "$ref": "#/parameters/Version"
        },
        {
          "$ref": "#/parameters/X-Amz-Content-Sha256"
        },
        {
          "$ref": "#/parameters/X-Amz-Date"
        },
        {
          "$ref": "#/parameters/X-Amz-Algorithm"
        },
        {
          "$ref": "#/parameters/X-Amz-Credential"
        },
        {
          "$ref": "#/parameters/X-Amz-Security-Token"
        },
        {
          "$ref": "#/parameters/X-Amz-Signature"
        },
        {
          "$ref": "#/parameters/X-Amz-SignedHeaders"
        }
      ],
      "post": {
        "description": "Updates a user's profile in AWS CodeStar. The user profile is not project-specific. Information in the user profile is displayed wherever the user's information appears to other users in AWS CodeStar. ",
        "operationId": "UpdateUserProfile",
        "parameters": [
          {
            "in": "body",
            "name": "body",
            "required": true,
            "schema": {
              "$ref": "#/definitions/UpdateUserProfileRequest"
            }
          }
        ],
        "responses": {
          "200": {
            "description": "Success",
            "schema": {
              "$ref": "#/definitions/UpdateUserProfileResult"
            }
          },
          "480": {
            "description": "UserProfileNotFoundException",
            "schema": {
              "$ref": "#/definitions/UserProfileNotFoundException"
            }
          },
          "481": {
            "description": "ValidationException",
            "schema": {
              "$ref": "#/definitions/ValidationException"
            }
          }
        }
      }
    }
  },
  "definitions": {
    "AssociateTeamMemberRequest": {
      "properties": {
        "clientRequestToken": {
          "$ref": "#/definitions/ClientRequestToken",
          "description": "A user- or system-generated token that identifies the entity that requested the team member association to the project. This token can be used to repeat the request. "
        },
        "projectId": {
          "$ref": "#/definitions/ProjectId",
          "description": "The ID of the project to which you will add the IAM user."
        },
        "projectRole": {
          "$ref": "#/definitions/Role",
          "description": "The AWS CodeStar project role that will apply to this user. This role determines what actions a user can take in an AWS CodeStar project."
        },
        "remoteAccessAllowed": {
          "$ref": "#/definitions/RemoteAccessAllowed",
          "description": "Whether the team member is allowed to use an SSH public/private key pair to remotely access project resources, for example Amazon EC2 instances."
        },
        "userArn": {
          "$ref": "#/definitions/UserArn",
          "description": "The Amazon Resource Name (ARN) for the IAM user you want to add to the DevHub project."
        }
      },
      "required": [
        "projectId",
        "userArn",
        "projectRole"
      ],
      "type": "object"
    },
    "AssociateTeamMemberResult": {
      "properties": {
        "clientRequestToken": {
          "$ref": "#/definitions/ClientRequestToken",
          "description": "The user- or system-generated token from the initial request that can be used to repeat the request. "
        }
      },
      "type": "object"
    },
    "ClientRequestToken": {
      "maxLength": 256,
      "minLength": 1,
      "pattern": "^[\\w:/-]+$",
      "type": "string"
    },
    "ConcurrentModificationException": {
      "description": "Another modification is being made. That modification must complete before you can make your change.",
      "properties": {},
      "type": "object"
    },
    "CreateProjectRequest": {
      "properties": {
        "clientRequestToken": {
          "$ref": "#/definitions/ClientRequestToken",
          "description": "A user- or system-generated token that identifies the entity that requested project creation. This token can be used to repeat the request. It can also be used to identify which user or system made the request in DescribeProject and ListProjects."
        },
        "description": {
          "$ref": "#/definitions/ProjectDescription",
          "description": "Optional. The description for the project."
        },
        "id": {
          "$ref": "#/definitions/ProjectId",
          "description": "The ID for the AWS CodeStar project. Project IDs must be unique within an AWS account. Project IDs cannot exceed 15 characters and cannot contain capital letters and other restricted symbols. For more information, see <a href=\"http://docs.aws.amazon.com/codestar/latest/userguide/limits.html\">Limits</a> in the AWS CodeStar User Guide."
        },
        "name": {
          "$ref": "#/definitions/ProjectName",
          "description": "The friendly name for the project. This friendly name serves as the basis for the names for resources associated with the project, such as a repository name in AWS CodeCommit. The name is limited to 100 characters and cannot contain certain restricted symbols. For more information, see <a href=\"http://docs.aws.amazon.com/codestar/latest/userguide/limits.html\">Limits</a> in the AWS CodeStar User Guide."
        }
      },
      "required": [
        "name",
        "id"
      ],
      "type": "object"
    },
    "CreateProjectResult": {
      "properties": {
        "arn": {
          "$ref": "#/definitions/ProjectArn",
          "description": "The Amazon Resource Name (ARN) for the project."
        },
        "clientRequestToken": {
          "$ref": "#/definitions/ClientRequestToken",
          "description": "The user- or system-generated token from the initial request that can be used to repeat the request. It can also be used to identify which user or system made the request in DescribeProject and ListProjects."
        },
        "id": {
          "$ref": "#/definitions/ProjectId",
          "description": "The ID for the project."
        },
        "projectTemplateId": {
          "$ref": "#/definitions/ProjectTemplateId",
          "description": "The ID for the AWS CodeStar project template used to create the project."
        }
      },
      "required": [
        "id",
        "arn"
      ],
      "type": "object"
    },
    "CreateUserProfileRequest": {
      "properties": {
        "displayName": {
          "$ref": "#/definitions/UserProfileDisplayName",
          "description": "The name that will be displayed as the friendly name for the user in AWS CodeStar. "
        },
        "emailAddress": {
          "$ref": "#/definitions/Email",
          "description": "The email address that will be displayed as part of the user's profile in AWS CodeStar."
        },
        "sshPublicKey": {
          "$ref": "#/definitions/SshPublicKey",
          "description": "The SSH public key associated with the user in AWS CodeStar. If a project owner allows the user remote access to project resources, this public key will be used along with the user's private key for SSH access."
        },
        "userArn": {
          "$ref": "#/definitions/UserArn",
          "description": "The Amazon Resource Name (ARN) of the user in IAM."
        }
      },
      "required": [
        "userArn",
        "displayName",
        "emailAddress"
      ],
      "type": "object"
    },
    "CreateUserProfileResult": {
      "properties": {
        "createdTimestamp": {
          "$ref": "#/definitions/CreatedTimestamp",
          "description": "The date the user profile was created, in timestamp format."
        },
        "displayName": {
          "$ref": "#/definitions/UserProfileDisplayName",
          "description": "The name that is displayed as the friendly name for the user in AWS CodeStar."
        },
        "emailAddress": {
          "$ref": "#/definitions/Email",
          "description": "The email address that is displayed as part of the user's profile in AWS CodeStar."
        },
        "lastModifiedTimestamp": {
          "$ref": "#/definitions/LastModifiedTimestamp",
          "description": "The date the user profile was last modified, in timestamp format."
        },
        "sshPublicKey": {
          "$ref": "#/definitions/SshPublicKey",
          "description": "The SSH public key associated with the user in AWS CodeStar. This is the public portion of the public/private keypair the user can use to access project resources if a project owner allows the user remote access to those resources."
        },
        "userArn": {
          "$ref": "#/definitions/UserArn",
          "description": "The Amazon Resource Name (ARN) of the user in IAM."
        }
      },
      "required": [
        "userArn"
      ],
      "type": "object"
    },
    "CreatedTimestamp": {
      "format": "date-time",
      "type": "string"
    },
    "DeleteProjectRequest": {
      "properties": {
        "clientRequestToken": {
          "$ref": "#/definitions/ClientRequestToken",
          "description": "A user- or system-generated token that identifies the entity that requested project deletion. This token can be used to repeat the request. "
        },
        "deleteStack": {
          "$ref": "#/definitions/DeleteStack",
          "description": "Whether to send a delete request for the primary stack in AWS CloudFormation originally used to generate the project and its resources. This option will delete all AWS resources for the project (except for any buckets in Amazon S3) as well as deleting the project itself. Recommended for most use cases."
        },
        "id": {
          "$ref": "#/definitions/ProjectId",
          "description": "The ID of the project to be deleted in AWS CodeStar."
        }
      },
      "required": [
        "id"
      ],
      "type": "object"
    },
    "DeleteProjectResult": {
      "properties": {
        "projectArn": {
          "$ref": "#/definitions/ProjectArn",
          "description": "The Amazon Resource Name (ARN) of the deleted project."
        },
        "stackId": {
          "$ref": "#/definitions/StackId",
          "description": "The ID of the primary stack in AWS CloudFormation that will be deleted as part of deleting the project and its resources."
        }
      },
      "type": "object"
    },
    "DeleteStack": {
      "type": "boolean"
    },
    "DeleteUserProfileRequest": {
      "properties": {
        "userArn": {
          "$ref": "#/definitions/UserArn",
          "description": "The Amazon Resource Name (ARN) of the user to delete from AWS CodeStar."
        }
      },
      "required": [
        "userArn"
      ],
      "type": "object"
    },
    "DeleteUserProfileResult": {
      "properties": {
        "userArn": {
          "$ref": "#/definitions/UserArn",
          "description": "The Amazon Resource Name (ARN) of the user deleted from AWS CodeStar."
        }
      },
      "required": [
        "userArn"
      ],
      "type": "object"
    },
    "DescribeProjectRequest": {
      "properties": {
        "id": {
          "$ref": "#/definitions/ProjectId",
          "description": "The ID of the project."
        }
      },
      "required": [
        "id"
      ],
      "type": "object"
    },
    "DescribeProjectResult": {
      "properties": {
        "arn": {
          "$ref": "#/definitions/ProjectArn",
          "description": "The Amazon Resource Name (ARN) for the project."
        },
        "clientRequestToken": {
          "$ref": "#/definitions/ClientRequestToken",
          "description": "A user- or system-generated token that identifies the entity that requested project creation. "
        },
        "createdTimeStamp": {
          "$ref": "#/definitions/CreatedTimestamp",
          "description": "The date and time the project was created, in timestamp format."
        },
        "description": {
          "$ref": "#/definitions/ProjectDescription",
          "description": "The description of the project, if any."
        },
        "id": {
          "$ref": "#/definitions/ProjectId",
          "description": "The ID of the project."
        },
        "name": {
          "$ref": "#/definitions/ProjectName",
          "description": "The display name for the project."
        },
        "projectTemplateId": {
          "$ref": "#/definitions/ProjectTemplateId",
          "description": "The ID for the AWS CodeStar project template used to create the project."
        },
        "stackId": {
          "$ref": "#/definitions/StackId",
          "description": "The ID of the primary stack in AWS CloudFormation used to generate resources for the project."
        }
      },
      "type": "object"
    },
    "DescribeUserProfileRequest": {
      "properties": {
        "userArn": {
          "$ref": "#/definitions/UserArn",
          "description": "The Amazon Resource Name (ARN) of the user."
        }
      },
      "required": [
        "userArn"
      ],
      "type": "object"
    },
    "DescribeUserProfileResult": {
      "properties": {
        "createdTimestamp": {
          "$ref": "#/definitions/CreatedTimestamp",
          "description": "The date and time when the user profile was created in AWS CodeStar, in timestamp format."
        },
        "displayName": {
          "$ref": "#/definitions/UserProfileDisplayName",
          "description": "The display name shown for the user in AWS CodeStar projects. For example, this could be set to both first and last name (\"Mary Major\") or a single name (\"Mary\"). The display name is also used to generate the initial icon associated with the user in AWS CodeStar projects. If spaces are included in the display name, the first character that appears after the space will be used as the second character in the user initial icon. The initial icon displays a maximum of two characters, so a display name with more than one space (for example \"Mary Jane Major\") would generate an initial icon using the first character and the first character after the space (\"MJ\", not \"MM\")."
        },
        "emailAddress": {
          "$ref": "#/definitions/Email",
          "description": "The email address for the user. Optional."
        },
        "lastModifiedTimestamp": {
          "$ref": "#/definitions/LastModifiedTimestamp",
          "description": "The date and time when the user profile was last modified, in timestamp format."
        },
        "sshPublicKey": {
          "$ref": "#/definitions/SshPublicKey",
          "description": "The SSH public key associated with the user. This SSH public key is associated with the user profile, and can be used in conjunction with the associated private key for access to project resources, such as Amazon EC2 instances, if a project owner grants remote access to those resources."
        },
        "userArn": {
          "$ref": "#/definitions/UserArn",
          "description": "The Amazon Resource Name (ARN) of the user."
        }
      },
      "required": [
        "userArn",
        "createdTimestamp",
        "lastModifiedTimestamp"
      ],
      "type": "object"
    },
    "DisassociateTeamMemberRequest": {
      "properties": {
        "projectId": {
          "$ref": "#/definitions/ProjectId",
          "description": "The ID of the AWS CodeStar project from which you want to remove a team member."
        },
        "userArn": {
          "$ref": "#/definitions/UserArn",
          "description": "The Amazon Resource Name (ARN) of the IAM user or group whom you want to remove from the project."
        }
      },
      "required": [
        "projectId",
        "userArn"
      ],
      "type": "object"
    },
    "DisassociateTeamMemberResult": {
      "properties": {},
      "type": "object"
    },
    "Email": {
      "maxLength": 128,
      "minLength": 3,
      "pattern": "^[\\w-.+]+@[\\w-.+]+$",
      "type": "string"
    },
    "InvalidNextTokenException": {
      "description": "The next token is not valid.",
      "properties": {},
      "type": "object"
    },
    "InvalidServiceRoleException": {
      "description": "The service role is not valid.",
      "properties": {},
      "type": "object"
    },
    "LastModifiedTimestamp": {
      "format": "date-time",
      "type": "string"
    },
    "LimitExceededException": {
      "description": "A resource limit has been exceeded.",
      "properties": {},
      "type": "object"
    },
    "ListProjectsRequest": {
      "properties": {
        "maxResults": {
          "$ref": "#/definitions/MaxResults",
          "description": "The maximum amount of data that can be contained in a single set of results."
        },
        "nextToken": {
          "$ref": "#/definitions/PaginationToken",
          "description": "The continuation token to be used to return the next set of results, if the results cannot be returned in one response."
        }
      },
      "type": "object"
    },
    "ListProjectsResult": {
      "properties": {
        "nextToken": {
          "$ref": "#/definitions/PaginationToken",
          "description": "The continuation token to use when requesting the next set of results, if there are more results to be returned."
        },
        "projects": {
          "$ref": "#/definitions/ProjectsList",
          "description": "A list of projects."
        }
      },
      "required": [
        "projects"
      ],
      "type": "object"
    },
    "ListResourcesRequest": {
      "properties": {
        "maxResults": {
          "$ref": "#/definitions/MaxResults",
          "description": "he maximum amount of data that can be contained in a single set of results."
        },
        "nextToken": {
          "$ref": "#/definitions/PaginationToken",
          "description": "The continuation token for the next set of results, if the results cannot be returned in one response."
        },
        "projectId": {
          "$ref": "#/definitions/ProjectId",
          "description": "The ID of the project."
        }
      },
      "required": [
        "projectId"
      ],
      "type": "object"
    },
    "ListResourcesResult": {
      "properties": {
        "nextToken": {
          "$ref": "#/definitions/PaginationToken",
          "description": "The continuation token to use when requesting the next set of results, if there are more results to be returned."
        },
        "resources": {
          "$ref": "#/definitions/ResourcesResult",
          "description": "An array of resources associated with the project. "
        }
      },
      "type": "object"
    },
    "ListTeamMembersRequest": {
      "properties": {
        "maxResults": {
          "$ref": "#/definitions/MaxResults",
          "description": "The maximum number of team members you want returned in a response."
        },
        "nextToken": {
          "$ref": "#/definitions/PaginationToken",
          "description": "The continuation token for the next set of results, if the results cannot be returned in one response."
        },
        "projectId": {
          "$ref": "#/definitions/ProjectId",
          "description": "The ID of the project for which you want to list team members."
        }
      },
      "required": [
        "projectId"
      ],
      "type": "object"
    },
    "ListTeamMembersResult": {
      "properties": {
        "nextToken": {
          "$ref": "#/definitions/PaginationToken",
          "description": "The continuation token to use when requesting the next set of results, if there are more results to be returned."
        },
        "teamMembers": {
          "$ref": "#/definitions/TeamMemberResult",
          "description": "A list of team member objects for the project."
        }
      },
      "required": [
        "teamMembers"
      ],
      "type": "object"
    },
    "ListUserProfilesRequest": {
      "properties": {
        "maxResults": {
          "$ref": "#/definitions/MaxResults",
          "description": "The maximum number of results to return in a response."
        },
        "nextToken": {
          "$ref": "#/definitions/PaginationToken",
          "description": "The continuation token for the next set of results, if the results cannot be returned in one response."
        }
      },
      "type": "object"
    },
    "ListUserProfilesResult": {
      "properties": {
        "nextToken": {
          "$ref": "#/definitions/PaginationToken",
          "description": "The continuation token to use when requesting the next set of results, if there are more results to be returned."
        },
        "userProfiles": {
          "$ref": "#/definitions/UserProfilesList",
          "description": "All the user profiles configured in AWS CodeStar for an AWS account."
        }
      },
      "required": [
        "userProfiles"
      ],
      "type": "object"
    },
    "MaxResults": {
      "maximum": 100,
      "minimum": 1,
      "type": "integer"
    },
    "PaginationToken": {
      "maxLength": 256,
      "minLength": 1,
      "pattern": "^[\\w/+=]+$",
      "type": "string"
    },
    "ProjectAlreadyExistsException": {
      "description": "An AWS CodeStar project with the same ID already exists in this region for the AWS account. AWS CodeStar project IDs must be unique within a region for the AWS account.",
      "properties": {},
      "type": "object"
    },
    "ProjectArn": {
      "pattern": "^arn:aws[^:\\s]*:codestar:[^:\\s]+:[0-9]{12}:project\\/[a-z]([a-z0-9|-])+$",
      "type": "string"
    },
    "ProjectConfigurationException": {
      "description": "Project configuration information is required but not specified.",
      "properties": {},
      "type": "object"
    },
    "ProjectCreationFailedException": {
      "description": "The project creation request was valid, but a nonspecific exception or error occurred during project creation. The project could not be created in AWS CodeStar.",
      "properties": {},
      "type": "object"
    },
    "ProjectDescription": {
      "format": "password",
      "maxLength": 1024,
      "pattern": "^$|^\\S(.*\\S)?$",
      "type": "string"
    },
    "ProjectId": {
      "maxLength": 15,
      "minLength": 2,
      "pattern": "^[a-z][a-z0-9-]+$",
      "type": "string"
    },
    "ProjectName": {
      "format": "password",
      "maxLength": 100,
      "minLength": 1,
      "pattern": "^\\S(.*\\S)?$",
      "type": "string"
    },
    "ProjectNotFoundException": {
      "description": "The specified AWS CodeStar project was not found.",
      "properties": {},
      "type": "object"
    },
    "ProjectSummary": {
      "description": "Information about the metadata for a project.",
      "properties": {
        "projectArn": {
          "$ref": "#/definitions/ProjectArn",
          "description": "The Amazon Resource Name (ARN) of the project."
        },
        "projectId": {
          "$ref": "#/definitions/ProjectId",
          "description": "The ID of the project."
        }
      },
      "type": "object"
    },
    "ProjectTemplateId": {
      "minLength": 1,
      "pattern": "^arn:aws[^:\\s]{0,5}:codestar:[^:\\s]+::project-template\\/[a-z0-9-]+$",
      "type": "string"
    },
    "ProjectsList": {
      "items": {
        "$ref": "#/definitions/ProjectSummary"
      },
      "type": "array"
    },
    "RemoteAccessAllowed": {
      "type": "boolean"
    },
    "Resource": {
      "description": "Information about a resource for a project.",
      "properties": {
        "id": {
          "$ref": "#/definitions/ResourceId",
          "description": "The Amazon Resource Name (ARN) of the resource."
        }
      },
      "required": [
        "id"
      ],
      "type": "object"
    },
    "ResourceId": {
      "minLength": 11,
      "pattern": "^arn\\:aws\\:\\S.*\\:.*",
      "type": "string"
    },
    "ResourcesResult": {
      "items": {
        "$ref": "#/definitions/Resource"
      },
      "type": "array"
    },
    "Role": {
      "pattern": "^(Owner|Viewer|Contributor)$",
      "type": "string"
    },
    "SshPublicKey": {
      "maxLength": 16384,
      "pattern": "^[\\t\\r\\n\\u0020-\\u00FF]*$",
      "type": "string"
    },
    "StackId": {
      "pattern": "^arn:aws[^:\\s]*:cloudformation:[^:\\s]+:[0-9]{12}:stack\\/[^:\\s]+\\/[^:\\s]+$",
      "type": "string"
    },
    "TeamMember": {
      "description": "Information about a team member in a project.",
      "properties": {
        "projectRole": {
          "$ref": "#/definitions/Role",
          "description": "The role assigned to the user in the project. Project roles have different levels of access. For more information, see <a href=\"http://docs.aws.amazon.com/codestar/latest/userguide/working-with-teams.html\">Working with Teams</a> in the AWS CodeStar User Guide. "
        },
        "remoteAccessAllowed": {
          "$ref": "#/definitions/RemoteAccessAllowed",
          "description": "Whether the user is allowed to remotely access project resources using an SSH public/private key pair."
        },
        "userArn": {
          "$ref": "#/definitions/UserArn",
          "description": "The Amazon Resource Name (ARN) of the user in IAM."
        }
      },
      "required": [
        "userArn",
        "projectRole"
      ],
      "type": "object"
    },
    "TeamMemberAlreadyAssociatedException": {
      "description": "The team member is already associated with a role in this project.",
      "properties": {},
      "type": "object"
    },
    "TeamMemberNotFoundException": {
      "description": "The specified team member was not found.",
      "properties": {},
      "type": "object"
    },
    "TeamMemberResult": {
      "items": {
        "$ref": "#/definitions/TeamMember"
      },
      "type": "array"
    },
    "UpdateProjectRequest": {
      "properties": {
        "description": {
          "$ref": "#/definitions/ProjectDescription",
          "description": "The description of the project, if any."
        },
        "id": {
          "$ref": "#/definitions/ProjectId",
          "description": "The ID of the project you want to update."
        },
        "name": {
          "$ref": "#/definitions/ProjectName",
          "description": "The name of the project you want to update."
        }
      },
      "required": [
        "id"
      ],
      "type": "object"
    },
    "UpdateProjectResult": {
      "properties": {},
      "type": "object"
    },
    "UpdateTeamMemberRequest": {
      "properties": {
        "projectId": {
          "$ref": "#/definitions/ProjectId",
          "description": "The ID of the project."
        },
        "projectRole": {
          "$ref": "#/definitions/Role",
          "description": "The role assigned to the user in the project. Project roles have different levels of access. For more information, see <a href=\"http://docs.aws.amazon.com/codestar/latest/userguide/working-with-teams.html\">Working with Teams</a> in the AWS CodeStar User Guide."
        },
        "remoteAccessAllowed": {
          "$ref": "#/definitions/RemoteAccessAllowed",
          "description": "Whether a team member is allowed to remotely access project resources using the SSH public key associated with the user's profile. Even if this is set to True, the user must associate a public key with their profile before the user can access resources."
        },
        "userArn": {
          "$ref": "#/definitions/UserArn",
          "description": "The Amazon Resource Name (ARN) of the user for whom you want to change team membership attributes."
        }
      },
      "required": [
        "projectId",
        "userArn"
      ],
      "type": "object"
    },
    "UpdateTeamMemberResult": {
      "properties": {
        "projectRole": {
          "$ref": "#/definitions/Role",
          "description": "The project role granted to the user."
        },
        "remoteAccessAllowed": {
          "$ref": "#/definitions/RemoteAccessAllowed",
          "description": "Whether a team member is allowed to remotely access project resources using the SSH public key associated with the user's profile."
        },
        "userArn": {
          "$ref": "#/definitions/UserArn",
          "description": "The Amazon Resource Name (ARN) of the user whose team membership attributes were updated."
        }
      },
      "type": "object"
    },
    "UpdateUserProfileRequest": {
      "properties": {
        "displayName": {
          "$ref": "#/definitions/UserProfileDisplayName",
          "description": "The name that is displayed as the friendly name for the user in AWS CodeStar."
        },
        "emailAddress": {
          "$ref": "#/definitions/Email",
          "description": "The email address that is displayed as part of the user's profile in AWS CodeStar."
        },
        "sshPublicKey": {
          "$ref": "#/definitions/SshPublicKey",
          "description": "The SSH public key associated with the user in AWS CodeStar. If a project owner allows the user remote access to project resources, this public key will be used along with the user's private key for SSH access."
        },
        "userArn": {
          "$ref": "#/definitions/UserArn",
          "description": "The name that will be displayed as the friendly name for the user in AWS CodeStar."
        }
      },
      "required": [
        "userArn"
      ],
      "type": "object"
    },
    "UpdateUserProfileResult": {
      "properties": {
        "createdTimestamp": {
          "$ref": "#/definitions/CreatedTimestamp",
          "description": "The date the user profile was created, in timestamp format."
        },
        "displayName": {
          "$ref": "#/definitions/UserProfileDisplayName",
          "description": "The name that is displayed as the friendly name for the user in AWS CodeStar."
        },
        "emailAddress": {
          "$ref": "#/definitions/Email",
          "description": "The email address that is displayed as part of the user's profile in AWS CodeStar."
        },
        "lastModifiedTimestamp": {
          "$ref": "#/definitions/LastModifiedTimestamp",
          "description": "The date the user profile was last modified, in timestamp format."
        },
        "sshPublicKey": {
          "$ref": "#/definitions/SshPublicKey",
          "description": "The SSH public key associated with the user in AWS CodeStar. This is the public portion of the public/private keypair the user can use to access project resources if a project owner allows the user remote access to those resources."
        },
        "userArn": {
          "$ref": "#/definitions/UserArn",
          "description": "The Amazon Resource Name (ARN) of the user in IAM."
        }
      },
      "required": [
        "userArn"
      ],
      "type": "object"
    },
    "UserArn": {
      "maxLength": 95,
      "minLength": 32,
      "pattern": "arn:aws:iam::\\d{12}:user\\/[\\w-]+",
      "type": "string"
    },
    "UserProfileAlreadyExistsException": {
      "description": "A user profile with that name already exists in this region for the AWS account. AWS CodeStar user profile names must be unique within a region for the AWS account. ",
      "properties": {},
      "type": "object"
    },
    "UserProfileDisplayName": {
      "maxLength": 64,
      "minLength": 1,
      "pattern": "^\\S(.*\\S)?$",
      "type": "string"
    },
    "UserProfileNotFoundException": {
      "description": "The user profile was not found.",
      "properties": {},
      "type": "object"
    },
    "UserProfileSummary": {
      "description": "Information about a user's profile in AWS CodeStar.",
      "properties": {
        "displayName": {
          "$ref": "#/definitions/UserProfileDisplayName",
          "description": "The display name of a user in AWS CodeStar. For example, this could be set to both first and last name (\"Mary Major\") or a single name (\"Mary\"). The display name is also used to generate the initial icon associated with the user in AWS CodeStar projects. If spaces are included in the display name, the first character that appears after the space will be used as the second character in the user initial icon. The initial icon displays a maximum of two characters, so a display name with more than one space (for example \"Mary Jane Major\") would generate an initial icon using the first character and the first character after the space (\"MJ\", not \"MM\")."
        },
        "emailAddress": {
          "$ref": "#/definitions/Email",
          "description": "The email address associated with the user."
        },
        "sshPublicKey": {
          "$ref": "#/definitions/SshPublicKey",
          "description": "The SSH public key associated with the user in AWS CodeStar. If a project owner allows the user remote access to project resources, this public key will be used along with the user's private key for SSH access."
        },
        "userArn": {
          "$ref": "#/definitions/UserArn",
          "description": "The Amazon Resource Name (ARN) of the user in IAM."
        }
      },
      "type": "object"
    },
    "UserProfilesList": {
      "items": {
        "$ref": "#/definitions/UserProfileSummary"
      },
      "type": "array"
    },
    "ValidationException": {
      "description": "The specified input is either not valid, or it could not be validated.",
      "properties": {},
      "type": "object"
    }
  }
}
