{
  "swagger": "2.0",
  "schemes": [
    "https"
  ],
  "host": "api.apitore.com",
  "basePath": "/api/8",
  "info": {
    "description": "Word2Vec.<BR />[Endpoint] https://api.apitore.com/api/8",
    "title": "Word2Vec APIs",
    "version": "1.0.2",
    "x-description-language": "jp",
    "x-logo": {
      "url": "https://api.apis.guru/v2/cache/logo/https_apitore.com_img_apis_8.jpg"
    },
    "x-origin": [
      {
        "format": "swagger",
        "url": "https://api.apitore.com/json/8",
        "version": "2.0"
      }
    ],
    "x-preferred": true,
    "x-providerName": "apitore.com",
    "x-serviceName": "word2vecApis"
  },
  "consumes": [
    "application/json"
  ],
  "produces": [
    "application/json"
  ],
  "tags": [
    {
      "description": "Word 2 Vec Controller",
      "name": "word-2-vec-controller"
    }
  ],
  "paths": {
    "/word2vec-neologd-jawiki/analogy": {
      "get": {
        "description": "Word2Vec JaWikipedia 2016-9-15 dump.<BR />Response<BR />&nbsp; Github: <a href=\"https://github.com/keigohtr/apitore-response-parent/tree/master/word2vec-response\">word2vec-response</a><BR />&nbsp; Class: com.apitore.banana.response.word2vec.AnalogyResponseEntity<BR />",
        "operationId": "analogyUsingGET",
        "parameters": [
          {
            "description": "Access Token",
            "in": "query",
            "name": "access_token",
            "required": true,
            "type": "string"
          },
          {
            "description": "positive1 positive2 ...[space separated strings]",
            "in": "query",
            "name": "positives",
            "required": true,
            "type": "string"
          },
          {
            "description": "negative1 negative2 ...[space separated strings]",
            "in": "query",
            "name": "negatives",
            "required": false,
            "type": "string"
          },
          {
            "default": 1,
            "description": "num [max 10, default 1]",
            "format": "int32",
            "in": "query",
            "name": "num",
            "required": false,
            "type": "integer"
          }
        ],
        "responses": {
          "200": {
            "description": "OK",
            "schema": {
              "$ref": "#/definitions/AnalogyResponseEntity"
            }
          },
          "401": {
            "description": "Unauthorized"
          },
          "403": {
            "description": "Forbidden"
          },
          "404": {
            "description": "Not Found"
          }
        },
        "summary": "Word2Vec analogy",
        "tags": [
          "word-2-vec-controller"
        ]
      }
    },
    "/word2vec-neologd-jawiki/distance": {
      "get": {
        "description": "Word2Vec JaWikipedia 2016-9-15 dump.<BR />Response<BR />&nbsp; Github: <a href=\"https://github.com/keigohtr/apitore-response-parent/tree/master/word2vec-response\">word2vec-response</a><BR />&nbsp; Class: com.apitore.banana.response.word2vec.DistanceResponseEntity<BR />",
        "operationId": "distanceUsingGET_1",
        "parameters": [
          {
            "description": "Access Token",
            "in": "query",
            "name": "access_token",
            "required": true,
            "type": "string"
          },
          {
            "description": "word",
            "in": "query",
            "name": "word",
            "required": true,
            "type": "string"
          },
          {
            "default": 1,
            "description": "num [max 10, default 1]",
            "format": "int32",
            "in": "query",
            "name": "num",
            "required": false,
            "type": "integer"
          }
        ],
        "responses": {
          "200": {
            "description": "OK",
            "schema": {
              "$ref": "#/definitions/DistanceResponseEntity"
            }
          },
          "401": {
            "description": "Unauthorized"
          },
          "403": {
            "description": "Forbidden"
          },
          "404": {
            "description": "Not Found"
          }
        },
        "summary": "Word2Vec distance",
        "tags": [
          "word-2-vec-controller"
        ]
      }
    },
    "/word2vec-neologd-jawiki/similarity": {
      "get": {
        "description": "Word2Vec JaWikipedia 2016-9-15 dump.<BR />Response<BR />&nbsp; Github: <a href=\"https://github.com/keigohtr/apitore-response-parent/tree/master/word2vec-response\">word2vec-response</a><BR />&nbsp; Class: com.apitore.banana.response.word2vec.SimilarityResponseEntity<BR />",
        "operationId": "similarityUsingGET",
        "parameters": [
          {
            "description": "Access Token",
            "in": "query",
            "name": "access_token",
            "required": true,
            "type": "string"
          },
          {
            "description": "word1",
            "in": "query",
            "name": "word1",
            "required": true,
            "type": "string"
          },
          {
            "description": "word2",
            "in": "query",
            "name": "word2",
            "required": true,
            "type": "string"
          }
        ],
        "responses": {
          "200": {
            "description": "OK",
            "schema": {
              "$ref": "#/definitions/SimilarityResponseEntity"
            }
          },
          "401": {
            "description": "Unauthorized"
          },
          "403": {
            "description": "Forbidden"
          },
          "404": {
            "description": "Not Found"
          }
        },
        "summary": "Word2Vec similarity",
        "tags": [
          "word-2-vec-controller"
        ]
      }
    },
    "/word2vec-neologd-jawiki/vec_distance": {
      "get": {
        "description": "Word2Vec JaWikipedia 2016-9-15 dump.<BR />Response<BR />&nbsp; Github: <a href=\"https://github.com/keigohtr/apitore-response-parent/tree/master/word2vec-response\">word2vec-response</a><BR />&nbsp; Class: com.apitore.banana.response.word2vec.DistanceResponseEntity<BR />",
        "operationId": "vec_distanceUsingGET",
        "parameters": [
          {
            "description": "Access Token",
            "in": "query",
            "name": "access_token",
            "required": true,
            "type": "string"
          },
          {
            "collectionFormat": "multi",
            "description": "vector [length 200]",
            "in": "query",
            "items": {
              "format": "double",
              "type": "number"
            },
            "name": "vector",
            "required": true,
            "type": "array"
          },
          {
            "default": 1,
            "description": "num [max 10, default 1]",
            "format": "int32",
            "in": "query",
            "name": "num",
            "required": false,
            "type": "integer"
          }
        ],
        "responses": {
          "200": {
            "description": "OK",
            "schema": {
              "$ref": "#/definitions/VectorDistanceResponseEntity"
            }
          },
          "401": {
            "description": "Unauthorized"
          },
          "403": {
            "description": "Forbidden"
          },
          "404": {
            "description": "Not Found"
          }
        },
        "summary": "Word2Vec distance (Vector version)",
        "tags": [
          "word-2-vec-controller"
        ]
      }
    },
    "/word2vec-neologd-jawiki/wordvector": {
      "get": {
        "description": "Word2Vec JaWikipedia 2016-9-15 dump.<BR />Response<BR />&nbsp; Github: <a href=\"https://github.com/keigohtr/apitore-response-parent/tree/master/word2vec-response\">word2vec-response</a><BR />&nbsp; Class: com.apitore.banana.response.word2vec.WordVectorResponseEntity<BR />",
        "operationId": "wordvectorUsingGET_1",
        "parameters": [
          {
            "description": "Access Token",
            "in": "query",
            "name": "access_token",
            "required": true,
            "type": "string"
          },
          {
            "description": "word",
            "in": "query",
            "name": "word",
            "required": true,
            "type": "string"
          }
        ],
        "responses": {
          "200": {
            "description": "OK",
            "schema": {
              "$ref": "#/definitions/WordVectorResponseEntity"
            }
          },
          "401": {
            "description": "Unauthorized"
          },
          "403": {
            "description": "Forbidden"
          },
          "404": {
            "description": "Not Found"
          }
        },
        "summary": "Word2Vec wordvector",
        "tags": [
          "word-2-vec-controller"
        ]
      }
    }
  },
  "definitions": {
    "AnalogyResponseEntity": {
      "properties": {
        "analogies": {
          "description": "Analogies",
          "items": {
            "type": "string"
          },
          "type": "array"
        },
        "endTime": {
          "description": "End date",
          "type": "string"
        },
        "log": {
          "description": "Log message",
          "type": "string"
        },
        "negatives": {
          "description": "Input negatives",
          "type": "string"
        },
        "num": {
          "description": "Input num",
          "type": "string"
        },
        "positives": {
          "description": "Input positives",
          "type": "string"
        },
        "processTime": {
          "description": "Process time [millisecond]",
          "type": "string"
        },
        "startTime": {
          "description": "Start date",
          "type": "string"
        }
      },
      "required": [
        "endTime",
        "log",
        "negatives",
        "num",
        "positives",
        "processTime",
        "startTime"
      ],
      "type": "object"
    },
    "DistanceEntity": {
      "properties": {
        "distance": {
          "description": "cosine distance",
          "format": "double",
          "type": "number"
        },
        "word": {
          "description": "word",
          "type": "string"
        }
      },
      "required": [
        "distance",
        "word"
      ],
      "type": "object"
    },
    "DistanceResponseEntity": {
      "properties": {
        "distances": {
          "description": "Distances",
          "items": {
            "$ref": "#/definitions/DistanceEntity"
          },
          "type": "array"
        },
        "endTime": {
          "description": "End date",
          "type": "string"
        },
        "input": {
          "description": "Input word",
          "type": "string"
        },
        "log": {
          "description": "Log message",
          "type": "string"
        },
        "num": {
          "description": "Input num",
          "type": "string"
        },
        "processTime": {
          "description": "Process time [millisecond]",
          "type": "string"
        },
        "startTime": {
          "description": "Start date",
          "type": "string"
        }
      },
      "required": [
        "endTime",
        "input",
        "log",
        "num",
        "processTime",
        "startTime"
      ],
      "type": "object"
    },
    "SimilarityResponseEntity": {
      "properties": {
        "endTime": {
          "description": "End date",
          "type": "string"
        },
        "log": {
          "description": "Log message",
          "type": "string"
        },
        "processTime": {
          "description": "Process time [millisecond]",
          "type": "string"
        },
        "similarity": {
          "description": "Similarity",
          "format": "double",
          "type": "number"
        },
        "startTime": {
          "description": "Start date",
          "type": "string"
        },
        "word1": {
          "description": "Input word1",
          "type": "string"
        },
        "word2": {
          "description": "Input word2",
          "type": "string"
        }
      },
      "required": [
        "endTime",
        "log",
        "processTime",
        "startTime",
        "word1",
        "word2"
      ],
      "type": "object"
    },
    "VectorDistanceResponseEntity": {
      "properties": {
        "distances": {
          "description": "Distances",
          "items": {
            "$ref": "#/definitions/DistanceEntity"
          },
          "type": "array"
        },
        "endTime": {
          "description": "End date",
          "type": "string"
        },
        "input": {
          "description": "Input vector",
          "items": {
            "format": "double",
            "type": "number"
          },
          "type": "array"
        },
        "log": {
          "description": "Log message",
          "type": "string"
        },
        "num": {
          "description": "Input num",
          "type": "string"
        },
        "processTime": {
          "description": "Process time [millisecond]",
          "type": "string"
        },
        "startTime": {
          "description": "Start date",
          "type": "string"
        }
      },
      "required": [
        "endTime",
        "input",
        "log",
        "num",
        "processTime",
        "startTime"
      ],
      "type": "object"
    },
    "WordVectorResponseEntity": {
      "properties": {
        "endTime": {
          "description": "End date",
          "type": "string"
        },
        "log": {
          "description": "Log message",
          "type": "string"
        },
        "processTime": {
          "description": "Process time [millisecond]",
          "type": "string"
        },
        "startTime": {
          "description": "Start date",
          "type": "string"
        },
        "vector": {
          "description": "Vector",
          "items": {
            "format": "double",
            "type": "number"
          },
          "type": "array"
        },
        "word": {
          "description": "Input word",
          "type": "string"
        }
      },
      "required": [
        "endTime",
        "log",
        "processTime",
        "startTime",
        "word"
      ],
      "type": "object"
    }
  }
}
