{
  "swagger": "2.0",
  "schemes": [
    "http",
    "https"
  ],
  "host": "ibl.api.bbci.co.uk",
  "basePath": "/ibl/v1",
  "info": {
    "contact": {
      "email": "ibl-team@lists.forge.bbc.co.uk",
      "name": "Open iBL Project",
      "url": "http://developer.bbc.co.uk/"
    },
    "description": "The definitive iPlayer API.",
    "license": {
      "name": "MIT",
      "url": "https://opensource.org/licenses/MIT"
    },
    "title": "BBC iPlayer Business Layer",
    "version": "1.0",
    "x-apisguru-categories": [
      "media"
    ],
    "x-logo": {
      "backgroundColor": "#FFFFFF",
      "url": "https://api.apis.guru/v2/cache/logo/http_static.bbci.co.uk_tviplayer_1.101.2_img_navigation_iplayer_pink.svg"
    },
    "x-origin": [
      {
        "format": "swagger",
        "url": "https://raw.githubusercontent.com/Mermade/bbcparse/master/iblApi/swagger.json",
        "version": "2.0"
      }
    ],
    "x-preferred": true,
    "x-providerName": "bbci.co.uk",
    "x-release": "442",
    "x-schema-id": "https://ibl.api.bbci.co.uk/ibl/v1/schema/ibl.json",
    "x-unofficialSpec": true
  },
  "externalDocs": {
    "description": "BBC iPlayer documentation",
    "url": "http://smethur.st/posts/176135860"
  },
  "consumes": [
    "application/json"
  ],
  "produces": [
    "application/json"
  ],
  "securityDefinitions": {
    "api_key": {
      "in": "query",
      "name": "api_key",
      "type": "apiKey"
    },
    "basic": {
      "description": "Used only by store purchases.",
      "type": "basic"
    }
  },
  "security": [
    {
      "api_key": []
    }
  ],
  "parameters": {
    "availability": {
      "default": "available",
      "description": "Whether to return all, or available programmes",
      "enum": [
        "all",
        "available"
      ],
      "in": "query",
      "name": "availability",
      "required": true,
      "type": "string"
    },
    "category": {
      "description": "The category identifier to return results from.",
      "in": "path",
      "name": "category",
      "required": true,
      "type": "string"
    },
    "channel": {
      "description": "The channel identifier to limit results to.",
      "in": "path",
      "name": "channel",
      "required": true,
      "type": "string"
    },
    "identity_cookie": {
      "description": "The BBC-id cookie value",
      "format": "double",
      "in": "query",
      "name": "identity_cookie",
      "required": true,
      "type": "number"
    },
    "initial_child_count": {
      "default": 4,
      "description": "The depth to return child entities.",
      "in": "query",
      "maximum": 5,
      "minimum": 1,
      "name": "initial_child_count",
      "required": true,
      "type": "integer"
    },
    "lang": {
      "description": "The language for any applicable localised strings.",
      "enum": [
        "en",
        "cy",
        "ga",
        "gd",
        "pi"
      ],
      "in": "query",
      "name": "lang",
      "required": true,
      "type": "string"
    },
    "mixin": {
      "collectionFormat": "multi",
      "description": "Request additional data in the output",
      "enum": [
        "live",
        "promotions"
      ],
      "in": "query",
      "items": {
        "type": "string"
      },
      "name": "mixin",
      "required": false,
      "type": "array"
    },
    "page": {
      "description": "The page index.",
      "format": "int64",
      "in": "query",
      "name": "page",
      "required": true,
      "type": "integer"
    },
    "per_page": {
      "description": "The number of results to return.",
      "format": "int64",
      "in": "query",
      "name": "per_page",
      "required": true,
      "type": "integer"
    },
    "pid": {
      "description": "The programme identifier.",
      "in": "path",
      "minLength": 8,
      "name": "pid",
      "pattern": "^([0-9,a-d,f-h,j-n,p-t,v-z]){8,}$",
      "required": true,
      "type": "string"
    },
    "q": {
      "description": "The term to search for.",
      "in": "query",
      "name": "q",
      "required": true,
      "type": "string"
    },
    "rights": {
      "default": "web",
      "description": "The rights group to limit results to.",
      "enum": [
        "mobile",
        "tv",
        "web"
      ],
      "in": "query",
      "name": "rights",
      "required": true,
      "type": "string"
    },
    "sort": {
      "description": "The sort order of the results.",
      "in": "query",
      "name": "sort",
      "required": true,
      "type": "string"
    },
    "sort_direction": {
      "description": "Whether to sort ascending or descending",
      "enum": [
        "asc",
        "desc"
      ],
      "in": "query",
      "name": "sort_direction",
      "required": true,
      "type": "string"
    }
  },
  "paths": {
    "/atoz/{letter}/programmes": {
      "get": {
        "description": "Get the Programmes whose title begins with the given initial character.",
        "operationId": "Get_Programmes AtoZ search_",
        "parameters": [
          {
            "description": "Letter to search by, a to z or the string '0-9'",
            "in": "path",
            "name": "letter",
            "pattern": "[a-z](0-9)",
            "required": true,
            "type": "string"
          },
          {
            "$ref": "#/parameters/rights"
          },
          {
            "$ref": "#/parameters/page"
          },
          {
            "$ref": "#/parameters/per_page"
          },
          {
            "$ref": "#/parameters/initial_child_count"
          },
          {
            "description": "The sort order of the results.",
            "enum": [
              "title"
            ],
            "in": "query",
            "name": "sort",
            "required": true,
            "type": "string"
          },
          {
            "$ref": "#/parameters/sort_direction"
          },
          {
            "$ref": "#/parameters/availability"
          }
        ],
        "responses": {
          "200": {
            "description": "Default response",
            "schema": {
              "$ref": "#/definitions/ibl"
            }
          }
        },
        "security": [],
        "summary": "Programmes by initial title character",
        "tags": [
          "A to Z"
        ]
      }
    },
    "/categories": {
      "get": {
        "description": "Get the list of all the categories in TV & iPlayer.",
        "operationId": "Get_Categories_",
        "parameters": [
          {
            "$ref": "#/parameters/lang"
          }
        ],
        "responses": {
          "200": {
            "description": "Default response",
            "schema": {
              "$ref": "#/definitions/ibl"
            }
          }
        },
        "security": [],
        "summary": "Get categories",
        "tags": [
          "Categories"
        ]
      }
    },
    "/categories/{category}": {
      "get": {
        "description": "Get sub-categories",
        "operationId": "Get_Sub-categories_",
        "parameters": [
          {
            "$ref": "#/parameters/category"
          },
          {
            "$ref": "#/parameters/lang"
          }
        ],
        "responses": {
          "200": {
            "description": "Default response",
            "schema": {
              "$ref": "#/definitions/ibl"
            }
          }
        },
        "security": [],
        "summary": "Get sub-categories",
        "tags": [
          "Categories"
        ]
      }
    },
    "/categories/{category}/episodes": {
      "get": {
        "description": "Get the list of all the episodes for a given category in TV & iPlayer.",
        "operationId": "Get_Episodes by category_",
        "parameters": [
          {
            "$ref": "#/parameters/category"
          },
          {
            "$ref": "#/parameters/lang"
          },
          {
            "$ref": "#/parameters/rights"
          },
          {
            "$ref": "#/parameters/availability"
          },
          {
            "$ref": "#/parameters/page"
          },
          {
            "$ref": "#/parameters/per_page"
          },
          {
            "description": "The sort order of the results.",
            "enum": [
              "recent",
              "popular"
            ],
            "in": "query",
            "name": "sort",
            "required": false,
            "type": "string"
          }
        ],
        "responses": {
          "200": {
            "description": "Default response",
            "schema": {
              "$ref": "#/definitions/ibl"
            }
          }
        },
        "security": [],
        "summary": "List all the episodes for a category.",
        "tags": [
          "Episodes"
        ]
      }
    },
    "/categories/{category}/highlights": {
      "get": {
        "description": "Get the editorial highlights of a given category in TV & iPlayer.",
        "operationId": "Get_Highlights by category_",
        "parameters": [
          {
            "$ref": "#/parameters/category"
          },
          {
            "$ref": "#/parameters/lang"
          },
          {
            "$ref": "#/parameters/rights"
          },
          {
            "$ref": "#/parameters/availability"
          },
          {
            "$ref": "#/parameters/mixin"
          }
        ],
        "responses": {
          "200": {
            "description": "Default response",
            "schema": {
              "$ref": "#/definitions/ibl"
            }
          }
        },
        "security": [],
        "summary": "List the highlights for a category.",
        "tags": [
          "Programmes (TLEOs)"
        ]
      }
    },
    "/categories/{category}/programmes": {
      "get": {
        "description": "Get the list of all the Programmes (TLEOs) for a given category in TV & iPlayer.",
        "operationId": "Get_Programmes by category_",
        "parameters": [
          {
            "$ref": "#/parameters/category"
          },
          {
            "$ref": "#/parameters/lang"
          },
          {
            "$ref": "#/parameters/rights"
          },
          {
            "$ref": "#/parameters/availability"
          },
          {
            "$ref": "#/parameters/page"
          },
          {
            "$ref": "#/parameters/per_page"
          }
        ],
        "responses": {
          "200": {
            "description": "Default response",
            "schema": {
              "$ref": "#/definitions/ibl"
            }
          }
        },
        "security": [],
        "summary": "List all the programmes for a category.",
        "tags": [
          "Programmes (TLEOs)"
        ]
      }
    },
    "/channels": {
      "get": {
        "description": "Get the list of all the channels TV & iPlayer.",
        "operationId": "Get_Channels_",
        "parameters": [
          {
            "description": "The region to get the channels for.",
            "in": "query",
            "name": "region",
            "required": false,
            "type": "string"
          },
          {
            "$ref": "#/parameters/lang"
          }
        ],
        "responses": {
          "200": {
            "description": "Default response",
            "schema": {
              "$ref": "#/definitions/ibl"
            }
          }
        },
        "security": [],
        "summary": "List all the channels.",
        "tags": [
          "Channels"
        ]
      }
    },
    "/channels/{channel}/broadcasts": {
      "get": {
        "description": "Get broadcasts by channel",
        "operationId": "Get_Broadcasts by channel_",
        "parameters": [
          {
            "$ref": "#/parameters/channel"
          },
          {
            "$ref": "#/parameters/lang"
          },
          {
            "$ref": "#/parameters/rights"
          },
          {
            "$ref": "#/parameters/availability"
          },
          {
            "$ref": "#/parameters/mixin"
          },
          {
            "$ref": "#/parameters/per_page"
          },
          {
            "description": "Time to return results from, e.g. -3h",
            "in": "query",
            "name": "from",
            "required": false,
            "type": "string"
          }
        ],
        "responses": {
          "200": {
            "description": "Default response",
            "schema": {
              "$ref": "#/definitions/ibl"
            }
          }
        },
        "security": [],
        "summary": "Get broadcasts by channel",
        "tags": [
          "Programmes (TLEOs)"
        ]
      }
    },
    "/channels/{channel}/highlights": {
      "get": {
        "description": "Get the editorial highlights of a given channel in TV & iPlayer.",
        "operationId": "Get_Highlights by channel_",
        "parameters": [
          {
            "$ref": "#/parameters/channel"
          },
          {
            "$ref": "#/parameters/lang"
          },
          {
            "$ref": "#/parameters/rights"
          },
          {
            "$ref": "#/parameters/availability"
          },
          {
            "description": "Whether to include live programmes",
            "in": "query",
            "name": "live",
            "required": false,
            "type": "boolean"
          },
          {
            "$ref": "#/parameters/mixin"
          }
        ],
        "responses": {
          "200": {
            "description": "Default response",
            "schema": {
              "$ref": "#/definitions/ibl"
            }
          }
        },
        "security": [],
        "summary": "List the highlights for a channel.",
        "tags": [
          "Channels"
        ]
      }
    },
    "/channels/{channel}/programmes": {
      "get": {
        "description": "Get programmes by channel",
        "operationId": "Get_Programmes by channel_",
        "parameters": [
          {
            "$ref": "#/parameters/channel"
          },
          {
            "$ref": "#/parameters/lang"
          },
          {
            "$ref": "#/parameters/rights"
          },
          {
            "$ref": "#/parameters/availability"
          },
          {
            "$ref": "#/parameters/page"
          },
          {
            "$ref": "#/parameters/per_page"
          }
        ],
        "responses": {
          "200": {
            "description": "Default response",
            "schema": {
              "$ref": "#/definitions/ibl"
            }
          }
        },
        "security": [],
        "summary": "Get programmes by channel",
        "tags": [
          "Programmes (TLEOs)"
        ]
      }
    },
    "/channels/{channel}/schedule/{date}": {
      "get": {
        "description": "Get schedule by channel",
        "operationId": "Get_Schedule by channel_",
        "parameters": [
          {
            "$ref": "#/parameters/channel"
          },
          {
            "description": "The date to return the schedule for, yyyy-mm-dd format",
            "in": "path",
            "name": "date",
            "required": true,
            "type": "string"
          },
          {
            "$ref": "#/parameters/lang"
          },
          {
            "$ref": "#/parameters/rights"
          },
          {
            "$ref": "#/parameters/availability"
          }
        ],
        "responses": {
          "200": {
            "description": "Default response",
            "schema": {
              "$ref": "#/definitions/ibl"
            }
          }
        },
        "security": [],
        "summary": "Get schedule by channel",
        "tags": [
          "Channels"
        ]
      }
    },
    "/clips/{pid}": {
      "get": {
        "description": "Get Clips",
        "operationId": "Get_Clips_",
        "parameters": [
          {
            "$ref": "#/parameters/pid"
          },
          {
            "$ref": "#/parameters/rights"
          },
          {
            "$ref": "#/parameters/availability"
          }
        ],
        "responses": {
          "200": {
            "description": "Default response",
            "schema": {
              "$ref": "#/definitions/ibl"
            }
          }
        },
        "security": [],
        "summary": "Get Clips",
        "tags": [
          "Episodes"
        ]
      }
    },
    "/episodes/{pid}": {
      "get": {
        "description": "Get the episode for a given episode identifier.",
        "operationId": "Get_Programme by PID_",
        "parameters": [
          {
            "$ref": "#/parameters/pid"
          },
          {
            "$ref": "#/parameters/rights"
          },
          {
            "$ref": "#/parameters/availability"
          },
          {
            "$ref": "#/parameters/mixin"
          }
        ],
        "responses": {
          "200": {
            "description": "Default response",
            "schema": {
              "$ref": "#/definitions/ibl"
            }
          }
        },
        "security": [],
        "summary": "Episode for a given pid.",
        "tags": [
          "Episodes"
        ]
      }
    },
    "/episodes/{pid}/next": {
      "get": {
        "description": "Get Onward Journey (next programme)",
        "operationId": "Get_Onward_Journey",
        "parameters": [
          {
            "$ref": "#/parameters/pid"
          },
          {
            "$ref": "#/parameters/rights"
          },
          {
            "$ref": "#/parameters/availability"
          }
        ],
        "responses": {
          "200": {
            "description": "Default response",
            "schema": {
              "$ref": "#/definitions/ibl"
            }
          }
        },
        "security": [],
        "summary": "Get Onward Journey",
        "tags": [
          "Episodes"
        ]
      }
    },
    "/episodes/{pid}/postrolls": {
      "get": {
        "description": "Get Follow-ups (post-rolls)",
        "operationId": "getPostRolls",
        "parameters": [
          {
            "$ref": "#/parameters/pid"
          },
          {
            "$ref": "#/parameters/rights"
          },
          {
            "$ref": "#/parameters/availability"
          }
        ],
        "responses": {
          "200": {
            "description": "Default response",
            "schema": {
              "$ref": "#/definitions/ibl"
            }
          }
        },
        "security": [],
        "summary": "Get Follow-ups (post-rolls)",
        "tags": [
          "Episodes"
        ]
      }
    },
    "/episodes/{pid}/prerolls": {
      "get": {
        "description": "Get Trailers (pre-rolls)",
        "operationId": "Get_Trailers (pre-rolls)_",
        "parameters": [
          {
            "$ref": "#/parameters/pid"
          },
          {
            "$ref": "#/parameters/rights"
          },
          {
            "$ref": "#/parameters/availability"
          }
        ],
        "responses": {
          "200": {
            "description": "Default response",
            "schema": {
              "$ref": "#/definitions/ibl"
            }
          }
        },
        "security": [],
        "summary": "Get Trailers (pre-rolls)",
        "tags": [
          "Episodes"
        ]
      }
    },
    "/episodes/{pid}/recommendations": {
      "get": {
        "description": "Get programme recommendations",
        "operationId": "Get_Programme recommendations_",
        "parameters": [
          {
            "$ref": "#/parameters/pid"
          },
          {
            "$ref": "#/parameters/rights"
          },
          {
            "$ref": "#/parameters/availability"
          },
          {
            "$ref": "#/parameters/page"
          },
          {
            "$ref": "#/parameters/per_page"
          }
        ],
        "responses": {
          "200": {
            "description": "Default response",
            "schema": {
              "$ref": "#/definitions/ibl"
            }
          }
        },
        "security": [],
        "summary": "Get programme recommendations",
        "tags": [
          "Episodes"
        ]
      }
    },
    "/groups/popular/episodes": {
      "get": {
        "description": "Get programmes popular",
        "operationId": "Get_Programmes popular_",
        "parameters": [
          {
            "$ref": "#/parameters/rights"
          },
          {
            "$ref": "#/parameters/page"
          },
          {
            "$ref": "#/parameters/per_page"
          },
          {
            "$ref": "#/parameters/initial_child_count"
          },
          {
            "$ref": "#/parameters/sort"
          },
          {
            "$ref": "#/parameters/sort_direction"
          },
          {
            "$ref": "#/parameters/availability"
          },
          {
            "$ref": "#/parameters/mixin"
          }
        ],
        "responses": {
          "200": {
            "description": "Default response",
            "schema": {
              "$ref": "#/definitions/ibl"
            }
          }
        },
        "security": [],
        "summary": "Get programmes popular",
        "tags": [
          "Episodes"
        ]
      }
    },
    "/groups/{pid}/episodes": {
      "get": {
        "description": "Get episodes by group, brand or series",
        "operationId": "Get_Episodes by group_",
        "parameters": [
          {
            "$ref": "#/parameters/pid"
          },
          {
            "$ref": "#/parameters/rights"
          },
          {
            "$ref": "#/parameters/page"
          },
          {
            "$ref": "#/parameters/per_page"
          },
          {
            "$ref": "#/parameters/initial_child_count"
          },
          {
            "$ref": "#/parameters/sort"
          },
          {
            "$ref": "#/parameters/sort_direction"
          },
          {
            "$ref": "#/parameters/availability"
          },
          {
            "$ref": "#/parameters/mixin"
          }
        ],
        "responses": {
          "200": {
            "description": "Default response",
            "schema": {
              "$ref": "#/definitions/ibl"
            }
          }
        },
        "security": [],
        "summary": "Get episodes by group, brand or series",
        "tags": [
          "Episodes"
        ]
      }
    },
    "/home/highlights": {
      "get": {
        "description": "Get programme highlights",
        "operationId": "Get_Programme highlights_",
        "parameters": [
          {
            "$ref": "#/parameters/lang"
          },
          {
            "$ref": "#/parameters/rights"
          },
          {
            "$ref": "#/parameters/availability"
          },
          {
            "$ref": "#/parameters/mixin"
          }
        ],
        "responses": {
          "200": {
            "description": "Default response",
            "schema": {
              "$ref": "#/definitions/ibl"
            }
          }
        },
        "security": [],
        "summary": "Get programme highlights",
        "tags": [
          "Programmes (TLEOs)"
        ]
      }
    },
    "/programmes/{pid}": {
      "get": {
        "description": "Get the programme for a given programme identifier.",
        "operationId": "Get_Programmes by parent PID_",
        "parameters": [
          {
            "$ref": "#/parameters/pid"
          },
          {
            "$ref": "#/parameters/rights"
          },
          {
            "$ref": "#/parameters/availability"
          },
          {
            "$ref": "#/parameters/initial_child_count"
          }
        ],
        "responses": {
          "200": {
            "description": "Default response",
            "schema": {
              "$ref": "#/definitions/ibl"
            }
          }
        },
        "security": [],
        "summary": "Programme for a given pid.",
        "tags": [
          "Programmes (TLEOs)"
        ]
      }
    },
    "/programmes/{pid}/episodes": {
      "get": {
        "description": "Get the child episodes belonging to a given programme identifier.",
        "operationId": "Get_Episodes by parent PID_",
        "parameters": [
          {
            "$ref": "#/parameters/pid"
          },
          {
            "$ref": "#/parameters/rights"
          },
          {
            "$ref": "#/parameters/availability"
          },
          {
            "$ref": "#/parameters/initial_child_count"
          }
        ],
        "responses": {
          "200": {
            "description": "Default response",
            "schema": {
              "$ref": "#/definitions/ibl"
            }
          }
        },
        "security": [],
        "summary": "Child episodes for a given programme pid.",
        "tags": [
          "Episodes"
        ]
      }
    },
    "/regions": {
      "get": {
        "description": "Get the list of all the regions TV & iPlayer.",
        "operationId": "Get_Regions_",
        "parameters": [
          {
            "$ref": "#/parameters/lang"
          }
        ],
        "responses": {
          "200": {
            "description": "Default response",
            "schema": {
              "$ref": "#/definitions/ibl"
            }
          }
        },
        "security": [],
        "summary": "List all regions",
        "tags": [
          "Regions"
        ]
      }
    },
    "/schema/ibl.json": {
      "get": {
        "description": "Get schema",
        "operationId": "Get_Schema_",
        "parameters": [],
        "responses": {
          "200": {
            "description": "Default response",
            "schema": {
              "$ref": "#/definitions/ibl"
            }
          }
        },
        "security": [],
        "summary": "Get schema",
        "tags": [
          "Metadata"
        ]
      }
    },
    "/search": {
      "get": {
        "description": "Search",
        "operationId": "Search_",
        "parameters": [
          {
            "$ref": "#/parameters/q"
          },
          {
            "$ref": "#/parameters/lang"
          },
          {
            "$ref": "#/parameters/rights"
          },
          {
            "$ref": "#/parameters/availability"
          }
        ],
        "responses": {
          "200": {
            "description": "Default response",
            "schema": {
              "$ref": "#/definitions/ibl"
            }
          }
        },
        "security": [],
        "summary": "Search",
        "tags": [
          "Search"
        ]
      }
    },
    "/search-suggest": {
      "get": {
        "description": "Search-suggest",
        "operationId": "Search-suggest_",
        "parameters": [
          {
            "$ref": "#/parameters/q"
          },
          {
            "$ref": "#/parameters/lang"
          },
          {
            "$ref": "#/parameters/rights"
          },
          {
            "$ref": "#/parameters/availability"
          }
        ],
        "responses": {
          "200": {
            "description": "Default response",
            "schema": {
              "$ref": "#/definitions/ibl"
            }
          }
        },
        "security": [],
        "summary": "Search-suggest",
        "tags": [
          "Search"
        ]
      }
    },
    "/status": {
      "get": {
        "description": "Get the current iPlayer business layer status. This tells the caller the status of the iPlayer data, but not necessarily the overall status of the website. In the future it might include the status of the dependent data services within the BBC.",
        "operationId": "Get_Status_",
        "parameters": [],
        "responses": {
          "200": {
            "description": "Default response",
            "schema": {
              "$ref": "#/definitions/ibl"
            }
          }
        },
        "security": [],
        "summary": "Get status",
        "tags": [
          "Metadata"
        ]
      }
    },
    "/user/purchases": {
      "get": {
        "description": "Get user store purchases",
        "operationId": "Get_User store purchases_",
        "parameters": [
          {
            "$ref": "#/parameters/identity_cookie"
          }
        ],
        "responses": {
          "200": {
            "description": "Default response",
            "schema": {
              "$ref": "#/definitions/ibl"
            }
          }
        },
        "security": [
          {
            "basic": []
          }
        ],
        "summary": "Get user store purchases",
        "tags": [
          "User"
        ]
      }
    },
    "/user/recommendations": {
      "get": {
        "description": "Get user store recommendations",
        "operationId": "Get_User store recommendations_",
        "parameters": [
          {
            "$ref": "#/parameters/identity_cookie"
          }
        ],
        "responses": {
          "200": {
            "description": "Default response",
            "schema": {
              "$ref": "#/definitions/ibl"
            }
          }
        },
        "security": [],
        "summary": "Get user store recommendations",
        "tags": [
          "User"
        ]
      }
    },
    "/user/watching": {
      "get": {
        "description": "Get user watching",
        "operationId": "Get_User watching_",
        "parameters": [
          {
            "$ref": "#/parameters/identity_cookie"
          }
        ],
        "responses": {
          "200": {
            "description": "Default response",
            "schema": {
              "$ref": "#/definitions/ibl"
            }
          }
        },
        "security": [],
        "summary": "Get user watching",
        "tags": [
          "User"
        ]
      }
    }
  },
  "definitions": {
    "added": {
      "additionalProperties": false,
      "properties": {
        "programme": {
          "$ref": "#/definitions/programme"
        },
        "type": {
          "enum": [
            "added"
          ]
        },
        "urn": {
          "type": "string"
        }
      },
      "required": [
        "urn",
        "type",
        "programme"
      ],
      "type": "object"
    },
    "broadcast": {
      "additionalProperties": false,
      "properties": {
        "available_on_hd_service": {
          "type": [
            "string",
            "null"
          ]
        },
        "blanked": {
          "type": "boolean"
        },
        "channel_title": {
          "type": "string"
        },
        "duration": {
          "additionalProperties": false,
          "properties": {
            "text": {
              "type": "string"
            },
            "value": {
              "type": "string"
            }
          },
          "required": [
            "value",
            "text"
          ],
          "type": "object"
        },
        "episode": {
          "$ref": "#/definitions/episode"
        },
        "episode_id": {
          "type": "string"
        },
        "id": {
          "type": "string"
        },
        "repeat": {
          "type": "boolean"
        },
        "scheduled_end": {
          "type": "string"
        },
        "scheduled_start": {
          "type": "string"
        },
        "service_id": {
          "type": "string"
        },
        "transmission_end": {
          "type": "string"
        },
        "transmission_start": {
          "type": "string"
        },
        "type": {
          "enum": [
            "broadcast"
          ]
        },
        "version_id": {
          "type": "string"
        }
      },
      "required": [
        "id",
        "type",
        "scheduled_start",
        "scheduled_end",
        "repeat",
        "blanked",
        "episode",
        "episode_id",
        "version_id",
        "service_id"
      ],
      "type": "object"
    },
    "category": {
      "additionalProperties": false,
      "properties": {
        "child_episode_count": {
          "type": "number"
        },
        "child_programme_count": {
          "type": "number"
        },
        "contextual_title": {
          "type": "string"
        },
        "id": {
          "type": "string"
        },
        "kind": {
          "enum": [
            "genre",
            "accessibility",
            "national"
          ]
        },
        "parent_category": {
          "type": "string"
        },
        "sub_categories": {
          "items": {
            "$ref": "#/definitions/category"
          },
          "type": "array"
        },
        "title": {
          "type": "string"
        },
        "type": {
          "enum": [
            "category"
          ]
        }
      },
      "required": [
        "id",
        "title",
        "type",
        "kind"
      ],
      "type": "object"
    },
    "channel": {
      "additionalProperties": false,
      "properties": {
        "has_schedule": {
          "type": "boolean"
        },
        "id": {
          "type": "string"
        },
        "master_brand_id": {
          "type": "string"
        },
        "master_brand_title": {
          "type": "string"
        },
        "on_air": {
          "type": "boolean"
        },
        "title": {
          "type": "string"
        },
        "type": {
          "enum": [
            "channel"
          ]
        }
      },
      "required": [
        "id",
        "title",
        "type",
        "has_schedule",
        "master_brand_id",
        "master_brand_title"
      ],
      "type": "object"
    },
    "clip": {
      "additionalProperties": false,
      "properties": {
        "id": {
          "type": "string"
        },
        "images": {
          "additionalProperties": false,
          "properties": {
            "inherited_from": {
              "type": "string"
            },
            "standard": {
              "type": "string"
            },
            "type": {
              "enum": [
                "image"
              ]
            }
          },
          "required": [
            "type",
            "standard"
          ],
          "type": "object"
        },
        "labels": {
          "additionalProperties": false,
          "properties": {
            "editorial": {
              "type": "string"
            }
          },
          "type": "object"
        },
        "master_brand": {
          "$ref": "#/definitions/master_brand"
        },
        "onward_journey": {
          "additionalProperties": false,
          "properties": {
            "id": {
              "type": "string"
            },
            "type": {
              "enum": [
                "episode"
              ]
            }
          },
          "type": "object"
        },
        "promotion_type": {
          "enum": [
            "available_now",
            "coming_soon"
          ]
        },
        "synopses": {
          "additionalProperties": false,
          "properties": {
            "editorial": {
              "type": "string"
            },
            "large": {
              "type": "string"
            },
            "medium": {
              "type": "string"
            },
            "small": {
              "type": "string"
            }
          },
          "type": "object"
        },
        "title": {
          "type": "string"
        },
        "tleo_id": {
          "type": "string"
        },
        "tleo_type": {
          "enum": [
            "episode",
            "brand",
            "series"
          ]
        },
        "type": {
          "enum": [
            "clip"
          ]
        },
        "versions": {
          "items": {
            "additionalProperties": false,
            "properties": {
              "availability": {
                "additionalProperties": false,
                "properties": {
                  "end": {
                    "type": "string"
                  },
                  "remaining": {
                    "additionalProperties": false,
                    "properties": {
                      "text": {
                        "type": "string"
                      }
                    },
                    "required": [
                      "text"
                    ],
                    "type": "object"
                  },
                  "start": {
                    "type": "string"
                  }
                },
                "required": [
                  "start"
                ],
                "type": "object"
              },
              "credits_start": {
                "type": "number"
              },
              "download": {
                "type": "boolean"
              },
              "duration": {
                "additionalProperties": false,
                "properties": {
                  "text": {
                    "type": "string"
                  },
                  "value": {
                    "type": "string"
                  }
                },
                "required": [
                  "text",
                  "value"
                ],
                "type": "object"
              },
              "first_broadcast": {
                "type": "string"
              },
              "guidance": {
                "additionalProperties": false,
                "properties": {
                  "id": {
                    "type": "string"
                  },
                  "text": {
                    "additionalProperties": false,
                    "properties": {
                      "large": {
                        "type": "string"
                      },
                      "medium": {
                        "type": "string"
                      },
                      "small": {
                        "type": "string"
                      }
                    },
                    "type": "object"
                  }
                },
                "required": [
                  "id"
                ],
                "type": "object"
              },
              "hd": {
                "type": "boolean"
              },
              "id": {
                "type": "string"
              },
              "kind": {
                "type": "string"
              },
              "rrc": {
                "additionalProperties": false,
                "properties": {
                  "description": {
                    "additionalProperties": false,
                    "properties": {
                      "large": {
                        "type": "string"
                      },
                      "small": {
                        "type": "string"
                      }
                    },
                    "required": [
                      "small",
                      "large"
                    ],
                    "type": "object"
                  },
                  "url": {
                    "type": "string"
                  }
                },
                "required": [
                  "description"
                ],
                "type": "object"
              },
              "service_id": {
                "type": "string"
              },
              "type": {
                "enum": [
                  "version",
                  "version_large"
                ]
              }
            },
            "required": [
              "id",
              "type",
              "hd",
              "download",
              "duration",
              "kind",
              "availability"
            ],
            "type": "object"
          },
          "type": "array"
        }
      },
      "required": [
        "id",
        "type",
        "title",
        "images",
        "tleo_id",
        "synopses",
        "versions",
        "master_brand"
      ],
      "type": "object"
    },
    "episode": {
      "additionalProperties": false,
      "properties": {
        "audio_described": {
          "type": "boolean"
        },
        "categories": {
          "items": {
            "type": "string"
          },
          "type": "array"
        },
        "editorial_subtitle": {
          "type": "string"
        },
        "editorial_title": {
          "type": "string"
        },
        "guidance": {
          "type": "boolean"
        },
        "has_credits": {
          "type": "boolean"
        },
        "id": {
          "type": "string"
        },
        "images": {
          "additionalProperties": false,
          "properties": {
            "inherited_from": {
              "type": "string"
            },
            "standard": {
              "type": "string"
            },
            "type": {
              "enum": [
                "image"
              ]
            }
          },
          "required": [
            "type",
            "standard"
          ],
          "type": "object"
        },
        "labels": {
          "additionalProperties": false,
          "properties": {
            "category": {
              "type": "string"
            },
            "editorial": {
              "type": "string"
            },
            "editorial_category": {
              "type": "string"
            },
            "time": {
              "type": "string"
            }
          },
          "type": "object"
        },
        "lexical_sort_letter": {
          "type": "string"
        },
        "live": {
          "type": "boolean"
        },
        "master_brand": {
          "$ref": "#/definitions/master_brand"
        },
        "next_broadcast": {
          "additionalProperties": false,
          "properties": {
            "channel_title": {
              "type": "string"
            },
            "scheduled_start": {
              "type": "string"
            }
          },
          "required": [
            "channel_title",
            "scheduled_start"
          ],
          "type": "object"
        },
        "original_title": {
          "type": "string"
        },
        "parent_id": {
          "type": "string"
        },
        "parent_position": {
          "type": "number"
        },
        "promoted": {
          "type": "boolean"
        },
        "related_links": {
          "items": {
            "additionalProperties": false,
            "properties": {
              "id": {
                "type": "string"
              },
              "kind": {
                "type": "string"
              },
              "title": {
                "type": "string"
              },
              "type": {
                "enum": [
                  "link"
                ]
              },
              "url": {
                "type": "string"
              }
            },
            "required": [
              "id",
              "url",
              "type",
              "kind",
              "title"
            ],
            "type": "object"
          },
          "type": "array"
        },
        "release_date": {
          "type": "string"
        },
        "release_date_time": {
          "type": "string"
        },
        "requires_sign_in": {
          "type": "boolean"
        },
        "requires_tv_licence": {
          "type": "boolean"
        },
        "signed": {
          "type": "boolean"
        },
        "status": {
          "enum": [
            "available",
            "unavailable"
          ]
        },
        "subtitle": {
          "type": "string"
        },
        "suppliers": {
          "additionalProperties": false,
          "items": {
            "properties": {
              "id": {
                "type": "string"
              },
              "title": {
                "type": "string"
              }
            },
            "required": [
              "id",
              "title"
            ],
            "type": "object"
          },
          "type": "array"
        },
        "synopses": {
          "additionalProperties": false,
          "properties": {
            "editorial": {
              "type": "string"
            },
            "large": {
              "type": "string"
            },
            "medium": {
              "type": "string"
            },
            "small": {
              "type": "string"
            }
          },
          "type": "object"
        },
        "title": {
          "type": "string"
        },
        "tleo_id": {
          "type": "string"
        },
        "tleo_type": {
          "enum": [
            "episode",
            "brand",
            "series"
          ]
        },
        "type": {
          "enum": [
            "episode",
            "episode_large"
          ]
        },
        "versions": {
          "items": {
            "x-anyOf": [
              {
                "additionalProperties": false,
                "properties": {
                  "availability": {
                    "additionalProperties": false,
                    "properties": {
                      "end": {
                        "type": "string"
                      },
                      "remaining": {
                        "additionalProperties": false,
                        "properties": {
                          "text": {
                            "type": "string"
                          }
                        },
                        "required": [
                          "text"
                        ],
                        "type": "object"
                      },
                      "start": {
                        "type": "string"
                      }
                    },
                    "required": [
                      "start"
                    ],
                    "type": "object"
                  },
                  "credits_start": {
                    "type": "number"
                  },
                  "download": {
                    "type": "boolean"
                  },
                  "duration": {
                    "additionalProperties": false,
                    "properties": {
                      "text": {
                        "type": "string"
                      },
                      "value": {
                        "type": "string"
                      }
                    },
                    "required": [
                      "text",
                      "value"
                    ],
                    "type": "object"
                  },
                  "first_broadcast": {
                    "type": "string"
                  },
                  "guidance": {
                    "additionalProperties": false,
                    "properties": {
                      "id": {
                        "type": "string"
                      },
                      "text": {
                        "additionalProperties": false,
                        "properties": {
                          "large": {
                            "type": "string"
                          },
                          "medium": {
                            "type": "string"
                          },
                          "small": {
                            "type": "string"
                          }
                        },
                        "type": "object"
                      }
                    },
                    "required": [
                      "id"
                    ],
                    "type": "object"
                  },
                  "hd": {
                    "type": "boolean"
                  },
                  "id": {
                    "type": "string"
                  },
                  "kind": {
                    "type": "string"
                  },
                  "rrc": {
                    "additionalProperties": false,
                    "properties": {
                      "description": {
                        "additionalProperties": false,
                        "properties": {
                          "large": {
                            "type": "string"
                          },
                          "small": {
                            "type": "string"
                          }
                        },
                        "required": [
                          "small",
                          "large"
                        ],
                        "type": "object"
                      },
                      "url": {
                        "type": "string"
                      }
                    },
                    "required": [
                      "description"
                    ],
                    "type": "object"
                  },
                  "service_id": {
                    "type": "string"
                  },
                  "type": {
                    "enum": [
                      "version",
                      "version_large"
                    ]
                  }
                },
                "required": [
                  "id",
                  "type",
                  "hd",
                  "download",
                  "duration",
                  "kind",
                  "availability"
                ],
                "type": "object"
              },
              {
                "additionalProperties": false,
                "properties": {
                  "download": {
                    "type": "boolean"
                  },
                  "duration": {
                    "additionalProperties": false,
                    "properties": {
                      "text": {
                        "type": "string"
                      },
                      "value": {
                        "type": "string"
                      }
                    },
                    "required": [
                      "text",
                      "value"
                    ],
                    "type": "object"
                  },
                  "guidance": {
                    "additionalProperties": false,
                    "properties": {
                      "id": {
                        "type": "string"
                      },
                      "text": {
                        "additionalProperties": false,
                        "properties": {
                          "large": {
                            "type": "string"
                          },
                          "medium": {
                            "type": "string"
                          },
                          "small": {
                            "type": "string"
                          }
                        },
                        "type": "object"
                      }
                    },
                    "required": [
                      "id"
                    ],
                    "type": "object"
                  },
                  "hd": {
                    "type": "boolean"
                  },
                  "id": {
                    "type": "string"
                  },
                  "kind": {
                    "type": "string"
                  },
                  "store_id": {
                    "type": "string"
                  },
                  "store_profile": {
                    "type": "string"
                  },
                  "store_session": {
                    "additionalProperties": false,
                    "properties": {
                      "ceiling": {
                        "type": "number"
                      },
                      "stats": {
                        "properties": {
                          "assetName": {
                            "type": "string"
                          },
                          "contentType": {
                            "type": "string"
                          },
                          "contentVariant": {
                            "type": "string"
                          },
                          "episodeName": {
                            "type": "string"
                          },
                          "parentPID": {
                            "type": "string"
                          },
                          "parentPIDType": {
                            "type": "string"
                          },
                          "productVariant": {
                            "type": "string"
                          },
                          "viewerId": {
                            "type": "string"
                          }
                        },
                        "type": "object"
                      },
                      "token": {
                        "type": "string"
                      }
                    },
                    "required": [
                      "token",
                      "stats"
                    ],
                    "type": "object"
                  },
                  "type": {
                    "enum": [
                      "store_version"
                    ]
                  }
                },
                "required": [
                  "id",
                  "type",
                  "store_id",
                  "store_profile",
                  "hd",
                  "download",
                  "duration",
                  "kind"
                ],
                "type": "object"
              }
            ]
          },
          "type": "array"
        }
      },
      "required": [
        "id",
        "type",
        "title",
        "images",
        "signed",
        "audio_described",
        "status",
        "tleo_id",
        "guidance",
        "synopses",
        "versions",
        "suppliers",
        "tleo_type",
        "categories",
        "master_brand",
        "lexical_sort_letter",
        "requires_sign_in"
      ],
      "type": "object"
    },
    "group": {
      "additionalProperties": false,
      "properties": {
        "count": {
          "type": "number"
        },
        "episode_sort_direction": {
          "type": "string"
        },
        "group_type": {
          "enum": [
            "tleo",
            "curated"
          ]
        },
        "id": {
          "type": "string"
        },
        "images": {
          "additionalProperties": false,
          "properties": {
            "standard": {
              "type": "string"
            },
            "type": {
              "enum": [
                "image"
              ]
            },
            "vertical": {
              "type": "string"
            }
          },
          "required": [
            "type",
            "standard",
            "vertical"
          ],
          "type": "object"
        },
        "initial_children": {
          "items": {
            "x-anyOf": [
              {
                "$ref": "#/definitions/episode"
              },
              {
                "$ref": "#/definitions/broadcast"
              }
            ]
          },
          "type": "array"
        },
        "master_brand": {
          "$ref": "#/definitions/master_brand"
        },
        "related_links": {
          "items": {
            "additionalProperties": false,
            "properties": {
              "kind": {
                "type": "string"
              },
              "title": {
                "type": "string"
              },
              "url": {
                "type": "string"
              }
            },
            "required": [
              "kind",
              "url",
              "title"
            ],
            "type": "object"
          },
          "type": "array"
        },
        "stacked": {
          "type": "boolean"
        },
        "synopses": {
          "additionalProperties": false,
          "properties": {
            "large": {
              "type": "string"
            },
            "medium": {
              "type": "string"
            },
            "small": {
              "type": "string"
            }
          },
          "type": "object"
        },
        "title": {
          "type": "string"
        },
        "type": {
          "enum": [
            "group",
            "group_large"
          ]
        }
      },
      "required": [
        "id",
        "type"
      ],
      "type": "object"
    },
    "ibl": {
      "additionalProperties": false,
      "properties": {
        "added": {
          "additionalProperties": false,
          "properties": {
            "count": {
              "type": "number"
            },
            "count_all": {
              "type": "number"
            },
            "elements": {
              "items": {
                "$ref": "#/definitions/added"
              },
              "type": "array"
            }
          },
          "required": [
            "elements",
            "count",
            "count_all"
          ],
          "type": "object"
        },
        "atoz_programmes": {
          "additionalProperties": false,
          "properties": {
            "character": {
              "type": "string"
            },
            "count": {
              "type": "number"
            },
            "elements": {
              "items": {
                "$ref": "#/definitions/programme"
              },
              "type": "array"
            },
            "page": {
              "type": "number"
            },
            "per_page": {
              "type": "number"
            }
          },
          "required": [
            "character",
            "page",
            "count",
            "per_page",
            "elements"
          ],
          "type": "object"
        },
        "broadcasts": {
          "additionalProperties": false,
          "properties": {
            "channel": {
              "$ref": "#/definitions/channel"
            },
            "count": {
              "type": "number"
            },
            "elements": {
              "items": {
                "$ref": "#/definitions/broadcast"
              },
              "type": "array"
            },
            "page": {
              "type": "number"
            },
            "per_page": {
              "type": "number"
            }
          },
          "required": [
            "elements",
            "page",
            "per_page",
            "count",
            "channel"
          ],
          "type": "object"
        },
        "categories": {
          "items": {
            "$ref": "#/definitions/category"
          },
          "type": "array"
        },
        "category": {
          "$ref": "#/definitions/category"
        },
        "category_highlights": {
          "additionalProperties": false,
          "properties": {
            "category": {
              "$ref": "#/definitions/category"
            },
            "elements": {
              "items": {
                "x-anyOf": [
                  {
                    "$ref": "#/definitions/episode"
                  },
                  {
                    "$ref": "#/definitions/group"
                  },
                  {
                    "$ref": "#/definitions/promotion"
                  }
                ]
              },
              "type": "array"
            }
          },
          "required": [
            "category",
            "elements"
          ],
          "type": "object"
        },
        "category_programmes": {
          "additionalProperties": false,
          "properties": {
            "category": {
              "$ref": "#/definitions/category"
            },
            "count": {
              "type": "number"
            },
            "elements": {
              "items": {
                "$ref": "#/definitions/programme"
              },
              "type": "array"
            },
            "page": {
              "type": "number"
            },
            "per_page": {
              "type": "number"
            }
          },
          "required": [
            "category",
            "page",
            "count",
            "per_page",
            "elements"
          ],
          "type": "object"
        },
        "channel_highlights": {
          "additionalProperties": false,
          "properties": {
            "channel": {
              "$ref": "#/definitions/channel"
            },
            "elements": {
              "items": {
                "x-anyOf": [
                  {
                    "$ref": "#/definitions/episode"
                  },
                  {
                    "$ref": "#/definitions/group"
                  },
                  {
                    "$ref": "#/definitions/promotion"
                  }
                ]
              },
              "type": "array"
            }
          },
          "required": [
            "channel",
            "elements"
          ],
          "type": "object"
        },
        "channels": {
          "items": {
            "$ref": "#/definitions/channel"
          },
          "type": "array"
        },
        "clips": {
          "items": {
            "$ref": "#/definitions/clip"
          },
          "maxItems": 1,
          "type": "array"
        },
        "episode_recommendations": {
          "additionalProperties": false,
          "properties": {
            "blend": {
              "enum": [
                "curated",
                "algorithmic"
              ]
            },
            "count": {
              "type": "number"
            },
            "elements": {
              "items": {
                "$ref": "#/definitions/episode"
              },
              "type": "array"
            }
          },
          "required": [
            "elements",
            "count",
            "blend"
          ],
          "type": "object"
        },
        "episodes": {
          "items": {
            "$ref": "#/definitions/episode"
          },
          "type": "array"
        },
        "error": {
          "additionalProperties": false,
          "properties": {
            "details": {
              "type": "string"
            },
            "http_response_code": {
              "type": "number"
            }
          },
          "required": [
            "details",
            "http_response_code"
          ],
          "type": "object"
        },
        "group_episodes": {
          "additionalProperties": false,
          "properties": {
            "count": {
              "type": "number"
            },
            "elements": {
              "items": {
                "$ref": "#/definitions/episode"
              },
              "type": "array"
            },
            "group": {
              "$ref": "#/definitions/group"
            },
            "page": {
              "type": "number"
            },
            "per_page": {
              "type": "number"
            }
          },
          "required": [
            "elements",
            "page",
            "per_page",
            "count"
          ],
          "type": "object"
        },
        "home_highlights": {
          "additionalProperties": false,
          "properties": {
            "elements": {
              "items": {
                "x-anyOf": [
                  {
                    "$ref": "#/definitions/episode"
                  },
                  {
                    "$ref": "#/definitions/group"
                  },
                  {
                    "$ref": "#/definitions/promotion"
                  }
                ]
              },
              "type": "array"
            }
          },
          "required": [
            "elements"
          ],
          "type": "object"
        },
        "next": {
          "properties": {
            "programme": {
              "items": {
                "$ref": "#/definitions/episode"
              },
              "maxItems": 1,
              "minItems": 0,
              "type": "array"
            }
          },
          "type": "object"
        },
        "postrolls": {
          "items": {
            "$ref": "#/definitions/trailer"
          },
          "type": "array"
        },
        "prerolls": {
          "items": {
            "$ref": "#/definitions/trailer"
          },
          "type": "array"
        },
        "programme_episodes": {
          "additionalProperties": false,
          "properties": {
            "count": {
              "type": "number"
            },
            "elements": {
              "items": {
                "$ref": "#/definitions/episode"
              },
              "type": "array"
            },
            "page": {
              "type": "number"
            },
            "per_page": {
              "type": "number"
            }
          },
          "required": [
            "elements",
            "page",
            "per_page",
            "count"
          ],
          "type": "object"
        },
        "programmes": {
          "items": {
            "$ref": "#/definitions/programme"
          },
          "type": "array"
        },
        "purchases": {
          "additionalProperties": false,
          "properties": {
            "count": {
              "type": "number"
            },
            "elements": {
              "items": {
                "$ref": "#/definitions/episode"
              },
              "type": "array"
            },
            "page": {
              "type": "number"
            },
            "per_page": {
              "type": "number"
            },
            "revocations": {
              "type": "boolean"
            },
            "value_added_material": {
              "type": "boolean"
            }
          },
          "required": [
            "elements",
            "page",
            "per_page",
            "count",
            "revocations",
            "value_added_material"
          ],
          "type": "object"
        },
        "regions": {
          "items": {
            "$ref": "#/definitions/region"
          },
          "type": "array"
        },
        "schedule": {
          "additionalProperties": false,
          "properties": {
            "channel": {
              "$ref": "#/definitions/channel"
            },
            "elements": {
              "items": {
                "$ref": "#/definitions/broadcast"
              },
              "type": "array"
            }
          },
          "required": [
            "elements",
            "channel"
          ],
          "type": "object"
        },
        "schema": {
          "type": "string"
        },
        "search": {
          "additionalProperties": false,
          "properties": {
            "count": {
              "type": "number"
            },
            "page": {
              "type": "number"
            },
            "per_page": {
              "type": "number"
            },
            "query": {
              "type": "string"
            },
            "results": {
              "items": {
                "x-anyOf": [
                  {
                    "$ref": "#/definitions/episode"
                  },
                  {
                    "$ref": "#/definitions/programme"
                  },
                  {
                    "$ref": "#/definitions/search_group"
                  }
                ]
              },
              "type": "array"
            }
          },
          "required": [
            "results",
            "query"
          ],
          "type": "object"
        },
        "search_suggest": {
          "additionalProperties": false,
          "properties": {
            "query": {
              "type": "string"
            },
            "results": {
              "items": {
                "$ref": "#/definitions/programme"
              },
              "type": "array"
            }
          },
          "required": [
            "results",
            "query"
          ],
          "type": "object"
        },
        "status": {
          "additionalProperties": false,
          "properties": {
            "release": {
              "type": "string"
            },
            "service": {
              "type": "string"
            }
          },
          "required": [
            "service",
            "release"
          ],
          "type": "object"
        },
        "trailers": {
          "additionalProperties": false,
          "properties": {
            "elements": {
              "items": {
                "$ref": "#/definitions/clip"
              },
              "type": "array"
            }
          },
          "required": [
            "elements"
          ],
          "type": "object"
        },
        "user_recommendations": {
          "additionalProperties": false,
          "properties": {
            "elements": {
              "items": {
                "$ref": "#/definitions/user_recommendation"
              },
              "type": "array"
            },
            "rec_set": {
              "type": "string"
            },
            "rec_source": {
              "type": "string"
            }
          },
          "required": [
            "elements",
            "rec_source",
            "rec_set"
          ],
          "type": "object"
        },
        "version": {
          "type": "string"
        },
        "versions": {
          "items": {
            "$ref": "#/definitions/store_version"
          },
          "type": "array"
        },
        "watching": {
          "additionalProperties": false,
          "properties": {
            "count": {
              "type": "number"
            },
            "count_all": {
              "type": "number"
            },
            "elements": {
              "items": {
                "$ref": "#/definitions/watching"
              },
              "type": "array"
            }
          },
          "required": [
            "elements",
            "count",
            "count_all"
          ],
          "type": "object"
        }
      },
      "required": [
        "schema",
        "version"
      ],
      "type": "object"
    },
    "master_brand": {
      "additionalProperties": false,
      "properties": {
        "attribution": {
          "type": "string"
        },
        "id": {
          "type": "string"
        },
        "ident_id": {
          "type": "string"
        },
        "titles": {
          "additionalProperties": false,
          "properties": {
            "large": {
              "type": "string"
            },
            "medium": {
              "type": "string"
            },
            "small": {
              "type": "string"
            }
          },
          "required": [
            "small",
            "medium",
            "large"
          ],
          "type": "object"
        }
      },
      "required": [
        "id",
        "titles",
        "attribution"
      ],
      "type": "object"
    },
    "programme": {
      "additionalProperties": false,
      "properties": {
        "categories": {
          "items": {
            "type": "string"
          },
          "type": "array"
        },
        "count": {
          "type": "number"
        },
        "id": {
          "type": "string"
        },
        "images": {
          "additionalProperties": false,
          "properties": {
            "inherited_from": {
              "type": "string"
            },
            "standard": {
              "type": "string"
            },
            "type": {
              "enum": [
                "image"
              ]
            }
          },
          "required": [
            "type",
            "standard"
          ],
          "type": "object"
        },
        "initial_children": {
          "items": {
            "$ref": "#/definitions/episode"
          },
          "type": "array"
        },
        "labels": {
          "additionalProperties": false,
          "properties": {
            "category": {
              "type": "string"
            }
          },
          "type": "object"
        },
        "lexical_sort_letter": {
          "type": "string"
        },
        "master_brand": {
          "$ref": "#/definitions/master_brand"
        },
        "status": {
          "enum": [
            "available",
            "unavailable"
          ]
        },
        "suppliers": {
          "additionalProperties": false,
          "items": {
            "properties": {
              "id": {
                "type": "string"
              },
              "title": {
                "type": "string"
              }
            },
            "required": [
              "id",
              "title"
            ],
            "type": "object"
          },
          "type": "array"
        },
        "synopses": {
          "additionalProperties": false,
          "properties": {
            "large": {
              "type": "string"
            },
            "medium": {
              "type": "string"
            },
            "small": {
              "type": "string"
            }
          },
          "type": "object"
        },
        "title": {
          "type": "string"
        },
        "tleo_type": {
          "enum": [
            "brand",
            "series",
            "episode"
          ]
        },
        "type": {
          "enum": [
            "programme",
            "programme_large"
          ]
        }
      },
      "required": [
        "id",
        "type",
        "title",
        "synopses",
        "lexical_sort_letter",
        "images",
        "master_brand",
        "suppliers",
        "categories",
        "status",
        "count",
        "initial_children"
      ],
      "type": "object"
    },
    "promotion": {
      "additionalProperties": false,
      "properties": {
        "id": {
          "type": "string"
        },
        "images": {
          "additionalProperties": false,
          "properties": {
            "inherited_from": {
              "type": "string"
            },
            "standard": {
              "type": "string"
            },
            "type": {
              "enum": [
                "image"
              ]
            }
          },
          "required": [
            "type",
            "standard"
          ],
          "type": "object"
        },
        "labels": {
          "additionalProperties": false,
          "properties": {
            "promotion": {
              "type": "string"
            }
          },
          "required": [
            "promotion"
          ],
          "type": "object"
        },
        "subtitle": {
          "type": "string"
        },
        "synopses": {
          "additionalProperties": false,
          "properties": {
            "large": {
              "type": "string"
            },
            "medium": {
              "type": "string"
            },
            "small": {
              "type": "string"
            }
          },
          "type": "object"
        },
        "title": {
          "type": "string"
        },
        "type": {
          "enum": [
            "promotion"
          ]
        },
        "url": {
          "type": "string"
        }
      },
      "required": [
        "id",
        "type"
      ],
      "type": "object"
    },
    "region": {
      "additionalProperties": false,
      "properties": {
        "id": {
          "type": "string"
        },
        "kind": {
          "enum": [
            "regional",
            "national"
          ]
        },
        "short_id": {
          "type": "string"
        },
        "title": {
          "type": "string"
        },
        "type": {
          "enum": [
            "region"
          ]
        }
      },
      "required": [
        "id",
        "short_id",
        "type",
        "title",
        "kind"
      ],
      "type": "object"
    },
    "search_group": {
      "additionalProperties": false,
      "properties": {
        "episode": {
          "$ref": "#/definitions/episode"
        },
        "id": {
          "type": "string"
        },
        "type": {
          "enum": [
            "search_group"
          ]
        }
      },
      "required": [
        "id",
        "type",
        "episode"
      ],
      "type": "object"
    },
    "store_version": {
      "additionalProperties": false,
      "properties": {
        "download": {
          "type": "boolean"
        },
        "duration": {
          "additionalProperties": false,
          "properties": {
            "text": {
              "type": "string"
            },
            "value": {
              "type": "string"
            }
          },
          "required": [
            "text",
            "value"
          ],
          "type": "object"
        },
        "guidance": {
          "additionalProperties": false,
          "properties": {
            "id": {
              "type": "string"
            },
            "text": {
              "additionalProperties": false,
              "properties": {
                "large": {
                  "type": "string"
                },
                "medium": {
                  "type": "string"
                },
                "small": {
                  "type": "string"
                }
              },
              "type": "object"
            }
          },
          "required": [
            "id"
          ],
          "type": "object"
        },
        "hd": {
          "type": "boolean"
        },
        "id": {
          "type": "string"
        },
        "kind": {
          "type": "string"
        },
        "store_id": {
          "type": "string"
        },
        "store_profile": {
          "type": "string"
        },
        "store_session": {
          "additionalProperties": false,
          "properties": {
            "ceiling": {
              "type": "number"
            },
            "stats": {
              "properties": {
                "assetName": {
                  "type": "string"
                },
                "contentType": {
                  "type": "string"
                },
                "contentVariant": {
                  "type": "string"
                },
                "episodeName": {
                  "type": "string"
                },
                "parentPID": {
                  "type": "string"
                },
                "parentPIDType": {
                  "type": "string"
                },
                "productVariant": {
                  "type": "string"
                },
                "viewerId": {
                  "type": "string"
                }
              },
              "type": "object"
            },
            "token": {
              "type": "string"
            }
          },
          "required": [
            "token",
            "stats"
          ],
          "type": "object"
        },
        "type": {
          "enum": [
            "store_version"
          ]
        }
      },
      "required": [
        "id",
        "type",
        "store_id",
        "store_profile",
        "hd",
        "download",
        "duration",
        "kind"
      ],
      "type": "object"
    },
    "trailer": {
      "additionalProperties": false,
      "properties": {
        "id": {
          "type": "string"
        },
        "kind": {
          "enum": [
            "available_now",
            "coming_soon",
            "other"
          ]
        },
        "title": {
          "type": "string"
        },
        "type": {
          "enum": [
            "trailer"
          ]
        },
        "version_id": {
          "type": "string"
        }
      },
      "required": [
        "id",
        "type",
        "title",
        "kind",
        "version_id"
      ],
      "type": "object"
    },
    "user_recommendation": {
      "additionalProperties": false,
      "properties": {
        "algorithm": {
          "type": "string"
        },
        "episode": {
          "$ref": "#/definitions/episode"
        },
        "type": {
          "enum": [
            "user_recommendation"
          ]
        }
      },
      "required": [
        "algorithm",
        "type",
        "episode"
      ],
      "type": "object"
    },
    "version": {
      "additionalProperties": false,
      "properties": {
        "availability": {
          "additionalProperties": false,
          "properties": {
            "end": {
              "type": "string"
            },
            "remaining": {
              "additionalProperties": false,
              "properties": {
                "text": {
                  "type": "string"
                }
              },
              "required": [
                "text"
              ],
              "type": "object"
            },
            "start": {
              "type": "string"
            }
          },
          "required": [
            "start"
          ],
          "type": "object"
        },
        "credits_start": {
          "type": "number"
        },
        "download": {
          "type": "boolean"
        },
        "duration": {
          "additionalProperties": false,
          "properties": {
            "text": {
              "type": "string"
            },
            "value": {
              "type": "string"
            }
          },
          "required": [
            "text",
            "value"
          ],
          "type": "object"
        },
        "first_broadcast": {
          "type": "string"
        },
        "guidance": {
          "additionalProperties": false,
          "properties": {
            "id": {
              "type": "string"
            },
            "text": {
              "additionalProperties": false,
              "properties": {
                "large": {
                  "type": "string"
                },
                "medium": {
                  "type": "string"
                },
                "small": {
                  "type": "string"
                }
              },
              "type": "object"
            }
          },
          "required": [
            "id"
          ],
          "type": "object"
        },
        "hd": {
          "type": "boolean"
        },
        "id": {
          "type": "string"
        },
        "kind": {
          "type": "string"
        },
        "rrc": {
          "additionalProperties": false,
          "properties": {
            "description": {
              "additionalProperties": false,
              "properties": {
                "large": {
                  "type": "string"
                },
                "small": {
                  "type": "string"
                }
              },
              "required": [
                "small",
                "large"
              ],
              "type": "object"
            },
            "url": {
              "type": "string"
            }
          },
          "required": [
            "description"
          ],
          "type": "object"
        },
        "service_id": {
          "type": "string"
        },
        "type": {
          "enum": [
            "version",
            "version_large"
          ]
        }
      },
      "required": [
        "id",
        "type",
        "hd",
        "download",
        "duration",
        "kind",
        "availability"
      ],
      "type": "object"
    },
    "watching": {
      "additionalProperties": false,
      "properties": {
        "episode": {
          "$ref": "#/definitions/episode"
        },
        "has_next": {
          "type": "boolean"
        },
        "offset": {
          "type": "number"
        },
        "programme": {
          "$ref": "#/definitions/programme"
        },
        "progress": {
          "type": "number"
        },
        "remaining": {
          "type": "number"
        },
        "status": {
          "enum": [
            "current",
            "next"
          ]
        },
        "type": {
          "enum": [
            "watching"
          ]
        },
        "urn": {
          "type": "string"
        },
        "version": {
          "$ref": "#/definitions/version"
        }
      },
      "required": [
        "type",
        "urn",
        "episode",
        "programme",
        "version",
        "has_next"
      ],
      "type": "object"
    }
  }
}
