{
  "swagger": "2.0",
  "schemes": [
    "https"
  ],
  "host": "logging.googleapis.com",
  "basePath": "/",
  "x-hasEquivalentPaths": true,
  "info": {
    "contact": {
      "name": "Google",
      "url": "https://google.com"
    },
    "description": "Writes log entries and manages your Stackdriver Logging configuration.",
    "license": {
      "name": "Creative Commons Attribution 3.0",
      "url": "http://creativecommons.org/licenses/by/3.0/"
    },
    "termsOfService": "https://developers.google.com/terms/",
    "title": "Stackdriver Logging",
    "version": "v2",
    "x-apiClientRegistration": {
      "url": "https://console.developers.google.com"
    },
    "x-logo": {
      "url": "https://api.apis.guru/v2/cache/logo/https_cloud.google.com__static_images_new-gcp-logo.png"
    },
    "x-origin": [
      {
        "converter": {
          "url": "https://github.com/lucybot/api-spec-converter",
          "version": "2.0.1"
        },
        "format": "google",
        "url": "https://logging.googleapis.com/$discovery/rest?version=v2",
        "version": "v1"
      }
    ],
    "x-preferred": true,
    "x-providerName": "googleapis.com",
    "x-serviceName": "logging"
  },
  "externalDocs": {
    "url": "https://cloud.google.com/logging/docs/"
  },
  "securityDefinitions": {
    "Oauth2": {
      "authorizationUrl": "https://accounts.google.com/o/oauth2/auth",
      "description": "Oauth 2.0 implicit authentication",
      "flow": "implicit",
      "scopes": {
        "https://www.googleapis.com/auth/cloud-platform": "View and manage your data across Google Cloud Platform services",
        "https://www.googleapis.com/auth/cloud-platform.read-only": "View your data across Google Cloud Platform services",
        "https://www.googleapis.com/auth/logging.admin": "Administrate log data for your projects",
        "https://www.googleapis.com/auth/logging.read": "View log data for your projects",
        "https://www.googleapis.com/auth/logging.write": "Submit log data for your projects"
      },
      "type": "oauth2"
    },
    "Oauth2c": {
      "authorizationUrl": "https://accounts.google.com/o/oauth2/auth",
      "description": "Oauth 2.0 accessCode authentication",
      "flow": "accessCode",
      "scopes": {
        "https://www.googleapis.com/auth/cloud-platform": "View and manage your data across Google Cloud Platform services",
        "https://www.googleapis.com/auth/cloud-platform.read-only": "View your data across Google Cloud Platform services",
        "https://www.googleapis.com/auth/logging.admin": "Administrate log data for your projects",
        "https://www.googleapis.com/auth/logging.read": "View log data for your projects",
        "https://www.googleapis.com/auth/logging.write": "Submit log data for your projects"
      },
      "tokenUrl": "https://accounts.google.com/o/oauth2/token",
      "type": "oauth2"
    }
  },
  "parameters": {
    "$.xgafv": {
      "description": "V1 error format.",
      "enum": [
        "1",
        "2"
      ],
      "in": "query",
      "name": "$.xgafv",
      "type": "string"
    },
    "access_token": {
      "description": "OAuth access token.",
      "in": "query",
      "name": "access_token",
      "type": "string"
    },
    "alt": {
      "default": "json",
      "description": "Data format for response.",
      "enum": [
        "json",
        "media",
        "proto"
      ],
      "in": "query",
      "name": "alt",
      "type": "string"
    },
    "bearer_token": {
      "description": "OAuth bearer token.",
      "in": "query",
      "name": "bearer_token",
      "type": "string"
    },
    "callback": {
      "description": "JSONP",
      "in": "query",
      "name": "callback",
      "type": "string"
    },
    "fields": {
      "description": "Selector specifying which fields to include in a partial response.",
      "in": "query",
      "name": "fields",
      "type": "string"
    },
    "key": {
      "description": "API key. Your API key identifies your project and provides you with API access, quota, and reports. Required unless you provide an OAuth 2.0 token.",
      "in": "query",
      "name": "key",
      "type": "string"
    },
    "oauth_token": {
      "description": "OAuth 2.0 token for the current user.",
      "in": "query",
      "name": "oauth_token",
      "type": "string"
    },
    "pp": {
      "default": true,
      "description": "Pretty-print response.",
      "in": "query",
      "name": "pp",
      "type": "boolean"
    },
    "prettyPrint": {
      "default": true,
      "description": "Returns response with indentations and line breaks.",
      "in": "query",
      "name": "prettyPrint",
      "type": "boolean"
    },
    "quotaUser": {
      "description": "Available to use for quota purposes for server-side applications. Can be any arbitrary string assigned to a user, but should not exceed 40 characters.",
      "in": "query",
      "name": "quotaUser",
      "type": "string"
    },
    "uploadType": {
      "description": "Legacy upload protocol for media (e.g. \"media\", \"multipart\").",
      "in": "query",
      "name": "uploadType",
      "type": "string"
    },
    "upload_protocol": {
      "description": "Upload protocol for media (e.g. \"raw\", \"multipart\").",
      "in": "query",
      "name": "upload_protocol",
      "type": "string"
    }
  },
  "tags": [
    {
      "name": "billingAccounts"
    },
    {
      "name": "entries"
    },
    {
      "name": "folders"
    },
    {
      "name": "monitoredResourceDescriptors"
    },
    {
      "name": "organizations"
    },
    {
      "name": "projects"
    }
  ],
  "paths": {
    "/v2/entries:list": {
      "parameters": [
        {
          "$ref": "#/parameters/quotaUser"
        },
        {
          "$ref": "#/parameters/pp"
        },
        {
          "$ref": "#/parameters/oauth_token"
        },
        {
          "$ref": "#/parameters/bearer_token"
        },
        {
          "$ref": "#/parameters/upload_protocol"
        },
        {
          "$ref": "#/parameters/prettyPrint"
        },
        {
          "$ref": "#/parameters/uploadType"
        },
        {
          "$ref": "#/parameters/fields"
        },
        {
          "$ref": "#/parameters/$.xgafv"
        },
        {
          "$ref": "#/parameters/callback"
        },
        {
          "$ref": "#/parameters/alt"
        },
        {
          "$ref": "#/parameters/access_token"
        },
        {
          "$ref": "#/parameters/key"
        }
      ],
      "post": {
        "description": "Lists log entries. Use this method to retrieve log entries from Stackdriver Logging. For ways to export log entries, see Exporting Logs.",
        "operationId": "logging.entries.list",
        "parameters": [
          {
            "in": "body",
            "name": "body",
            "schema": {
              "$ref": "#/definitions/ListLogEntriesRequest"
            }
          }
        ],
        "responses": {
          "200": {
            "description": "Successful response",
            "schema": {
              "$ref": "#/definitions/ListLogEntriesResponse"
            }
          }
        },
        "security": [
          {
            "Oauth2": [
              "https://www.googleapis.com/auth/cloud-platform"
            ],
            "Oauth2c": [
              "https://www.googleapis.com/auth/cloud-platform"
            ]
          },
          {
            "Oauth2": [
              "https://www.googleapis.com/auth/cloud-platform.read-only"
            ],
            "Oauth2c": [
              "https://www.googleapis.com/auth/cloud-platform.read-only"
            ]
          },
          {
            "Oauth2": [
              "https://www.googleapis.com/auth/logging.admin"
            ],
            "Oauth2c": [
              "https://www.googleapis.com/auth/logging.admin"
            ]
          },
          {
            "Oauth2": [
              "https://www.googleapis.com/auth/logging.read"
            ],
            "Oauth2c": [
              "https://www.googleapis.com/auth/logging.read"
            ]
          }
        ],
        "tags": [
          "entries"
        ]
      }
    },
    "/v2/entries:write": {
      "parameters": [
        {
          "$ref": "#/parameters/quotaUser"
        },
        {
          "$ref": "#/parameters/pp"
        },
        {
          "$ref": "#/parameters/oauth_token"
        },
        {
          "$ref": "#/parameters/bearer_token"
        },
        {
          "$ref": "#/parameters/upload_protocol"
        },
        {
          "$ref": "#/parameters/prettyPrint"
        },
        {
          "$ref": "#/parameters/uploadType"
        },
        {
          "$ref": "#/parameters/fields"
        },
        {
          "$ref": "#/parameters/$.xgafv"
        },
        {
          "$ref": "#/parameters/callback"
        },
        {
          "$ref": "#/parameters/alt"
        },
        {
          "$ref": "#/parameters/access_token"
        },
        {
          "$ref": "#/parameters/key"
        }
      ],
      "post": {
        "description": "Writes log entries to Stackdriver Logging.",
        "operationId": "logging.entries.write",
        "parameters": [
          {
            "in": "body",
            "name": "body",
            "schema": {
              "$ref": "#/definitions/WriteLogEntriesRequest"
            }
          }
        ],
        "responses": {
          "200": {
            "description": "Successful response",
            "schema": {
              "$ref": "#/definitions/WriteLogEntriesResponse"
            }
          }
        },
        "security": [
          {
            "Oauth2": [
              "https://www.googleapis.com/auth/cloud-platform"
            ],
            "Oauth2c": [
              "https://www.googleapis.com/auth/cloud-platform"
            ]
          },
          {
            "Oauth2": [
              "https://www.googleapis.com/auth/logging.admin"
            ],
            "Oauth2c": [
              "https://www.googleapis.com/auth/logging.admin"
            ]
          },
          {
            "Oauth2": [
              "https://www.googleapis.com/auth/logging.write"
            ],
            "Oauth2c": [
              "https://www.googleapis.com/auth/logging.write"
            ]
          }
        ],
        "tags": [
          "entries"
        ]
      }
    },
    "/v2/monitoredResourceDescriptors": {
      "get": {
        "description": "Lists the descriptors for monitored resource types used by Stackdriver Logging.",
        "operationId": "logging.monitoredResourceDescriptors.list",
        "parameters": [
          {
            "description": "Optional. If present, then retrieve the next batch of results from the preceding call to this method. pageToken must be the value of nextPageToken from the previous response. The values of other method parameters should be identical to those in the previous call.",
            "in": "query",
            "name": "pageToken",
            "type": "string"
          },
          {
            "description": "Optional. The maximum number of results to return from this request. Non-positive values are ignored. The presence of nextPageToken in the response indicates that more results might be available.",
            "in": "query",
            "name": "pageSize",
            "type": "integer"
          }
        ],
        "responses": {
          "200": {
            "description": "Successful response",
            "schema": {
              "$ref": "#/definitions/ListMonitoredResourceDescriptorsResponse"
            }
          }
        },
        "security": [
          {
            "Oauth2": [
              "https://www.googleapis.com/auth/cloud-platform"
            ],
            "Oauth2c": [
              "https://www.googleapis.com/auth/cloud-platform"
            ]
          },
          {
            "Oauth2": [
              "https://www.googleapis.com/auth/cloud-platform.read-only"
            ],
            "Oauth2c": [
              "https://www.googleapis.com/auth/cloud-platform.read-only"
            ]
          },
          {
            "Oauth2": [
              "https://www.googleapis.com/auth/logging.admin"
            ],
            "Oauth2c": [
              "https://www.googleapis.com/auth/logging.admin"
            ]
          },
          {
            "Oauth2": [
              "https://www.googleapis.com/auth/logging.read"
            ],
            "Oauth2c": [
              "https://www.googleapis.com/auth/logging.read"
            ]
          }
        ],
        "tags": [
          "monitoredResourceDescriptors"
        ]
      },
      "parameters": [
        {
          "$ref": "#/parameters/quotaUser"
        },
        {
          "$ref": "#/parameters/pp"
        },
        {
          "$ref": "#/parameters/oauth_token"
        },
        {
          "$ref": "#/parameters/bearer_token"
        },
        {
          "$ref": "#/parameters/upload_protocol"
        },
        {
          "$ref": "#/parameters/prettyPrint"
        },
        {
          "$ref": "#/parameters/uploadType"
        },
        {
          "$ref": "#/parameters/fields"
        },
        {
          "$ref": "#/parameters/$.xgafv"
        },
        {
          "$ref": "#/parameters/callback"
        },
        {
          "$ref": "#/parameters/alt"
        },
        {
          "$ref": "#/parameters/access_token"
        },
        {
          "$ref": "#/parameters/key"
        }
      ]
    },
    "/v2/{logName}": {
      "delete": {
        "description": "Deletes all the log entries in a log. The log reappears if it receives new entries. Log entries written shortly before the delete operation might not be deleted.",
        "operationId": "logging.billingAccounts.logs.delete",
        "parameters": [
          {
            "description": "Required. The resource name of the log to delete:\n\"projects/[PROJECT_ID]/logs/[LOG_ID]\"\n\"organizations/[ORGANIZATION_ID]/logs/[LOG_ID]\"\n\"billingAccounts/[BILLING_ACCOUNT_ID]/logs/[LOG_ID]\"\n\"folders/[FOLDER_ID]/logs/[LOG_ID]\"\n[LOG_ID] must be URL-encoded. For example, \"projects/my-project-id/logs/syslog\", \"organizations/1234567890/logs/cloudresourcemanager.googleapis.com%2Factivity\". For more information about log names, see LogEntry.",
            "in": "path",
            "name": "logName",
            "required": true,
            "type": "string",
            "x-reservedExpansion": true
          }
        ],
        "responses": {
          "200": {
            "description": "Successful response",
            "schema": {
              "$ref": "#/definitions/Empty"
            }
          }
        },
        "security": [
          {
            "Oauth2": [
              "https://www.googleapis.com/auth/cloud-platform"
            ],
            "Oauth2c": [
              "https://www.googleapis.com/auth/cloud-platform"
            ]
          },
          {
            "Oauth2": [
              "https://www.googleapis.com/auth/logging.admin"
            ],
            "Oauth2c": [
              "https://www.googleapis.com/auth/logging.admin"
            ]
          }
        ],
        "tags": [
          "billingAccounts"
        ]
      },
      "parameters": [
        {
          "$ref": "#/parameters/quotaUser"
        },
        {
          "$ref": "#/parameters/pp"
        },
        {
          "$ref": "#/parameters/oauth_token"
        },
        {
          "$ref": "#/parameters/bearer_token"
        },
        {
          "$ref": "#/parameters/upload_protocol"
        },
        {
          "$ref": "#/parameters/prettyPrint"
        },
        {
          "$ref": "#/parameters/uploadType"
        },
        {
          "$ref": "#/parameters/fields"
        },
        {
          "$ref": "#/parameters/$.xgafv"
        },
        {
          "$ref": "#/parameters/callback"
        },
        {
          "$ref": "#/parameters/alt"
        },
        {
          "$ref": "#/parameters/access_token"
        },
        {
          "$ref": "#/parameters/key"
        }
      ]
    },
    "/v2/{metricName}": {
      "delete": {
        "description": "Deletes a logs-based metric.",
        "operationId": "logging.projects.metrics.delete",
        "parameters": [
          {
            "description": "The resource name of the metric to delete:\n\"projects/[PROJECT_ID]/metrics/[METRIC_ID]\"\n",
            "in": "path",
            "name": "metricName",
            "required": true,
            "type": "string",
            "x-reservedExpansion": true
          }
        ],
        "responses": {
          "200": {
            "description": "Successful response",
            "schema": {
              "$ref": "#/definitions/Empty"
            }
          }
        },
        "security": [
          {
            "Oauth2": [
              "https://www.googleapis.com/auth/cloud-platform"
            ],
            "Oauth2c": [
              "https://www.googleapis.com/auth/cloud-platform"
            ]
          },
          {
            "Oauth2": [
              "https://www.googleapis.com/auth/logging.admin"
            ],
            "Oauth2c": [
              "https://www.googleapis.com/auth/logging.admin"
            ]
          },
          {
            "Oauth2": [
              "https://www.googleapis.com/auth/logging.write"
            ],
            "Oauth2c": [
              "https://www.googleapis.com/auth/logging.write"
            ]
          }
        ],
        "tags": [
          "projects"
        ]
      },
      "get": {
        "description": "Gets a logs-based metric.",
        "operationId": "logging.projects.metrics.get",
        "parameters": [
          {
            "description": "The resource name of the desired metric:\n\"projects/[PROJECT_ID]/metrics/[METRIC_ID]\"\n",
            "in": "path",
            "name": "metricName",
            "required": true,
            "type": "string",
            "x-reservedExpansion": true
          }
        ],
        "responses": {
          "200": {
            "description": "Successful response",
            "schema": {
              "$ref": "#/definitions/LogMetric"
            }
          }
        },
        "security": [
          {
            "Oauth2": [
              "https://www.googleapis.com/auth/cloud-platform"
            ],
            "Oauth2c": [
              "https://www.googleapis.com/auth/cloud-platform"
            ]
          },
          {
            "Oauth2": [
              "https://www.googleapis.com/auth/cloud-platform.read-only"
            ],
            "Oauth2c": [
              "https://www.googleapis.com/auth/cloud-platform.read-only"
            ]
          },
          {
            "Oauth2": [
              "https://www.googleapis.com/auth/logging.admin"
            ],
            "Oauth2c": [
              "https://www.googleapis.com/auth/logging.admin"
            ]
          },
          {
            "Oauth2": [
              "https://www.googleapis.com/auth/logging.read"
            ],
            "Oauth2c": [
              "https://www.googleapis.com/auth/logging.read"
            ]
          }
        ],
        "tags": [
          "projects"
        ]
      },
      "parameters": [
        {
          "$ref": "#/parameters/quotaUser"
        },
        {
          "$ref": "#/parameters/pp"
        },
        {
          "$ref": "#/parameters/oauth_token"
        },
        {
          "$ref": "#/parameters/bearer_token"
        },
        {
          "$ref": "#/parameters/upload_protocol"
        },
        {
          "$ref": "#/parameters/prettyPrint"
        },
        {
          "$ref": "#/parameters/uploadType"
        },
        {
          "$ref": "#/parameters/fields"
        },
        {
          "$ref": "#/parameters/$.xgafv"
        },
        {
          "$ref": "#/parameters/callback"
        },
        {
          "$ref": "#/parameters/alt"
        },
        {
          "$ref": "#/parameters/access_token"
        },
        {
          "$ref": "#/parameters/key"
        }
      ],
      "put": {
        "description": "Creates or updates a logs-based metric.",
        "operationId": "logging.projects.metrics.update",
        "parameters": [
          {
            "description": "The resource name of the metric to update:\n\"projects/[PROJECT_ID]/metrics/[METRIC_ID]\"\nThe updated metric must be provided in the request and it's name field must be the same as [METRIC_ID] If the metric does not exist in [PROJECT_ID], then a new metric is created.",
            "in": "path",
            "name": "metricName",
            "required": true,
            "type": "string",
            "x-reservedExpansion": true
          },
          {
            "in": "body",
            "name": "body",
            "schema": {
              "$ref": "#/definitions/LogMetric"
            }
          }
        ],
        "responses": {
          "200": {
            "description": "Successful response",
            "schema": {
              "$ref": "#/definitions/LogMetric"
            }
          }
        },
        "security": [
          {
            "Oauth2": [
              "https://www.googleapis.com/auth/cloud-platform"
            ],
            "Oauth2c": [
              "https://www.googleapis.com/auth/cloud-platform"
            ]
          },
          {
            "Oauth2": [
              "https://www.googleapis.com/auth/logging.admin"
            ],
            "Oauth2c": [
              "https://www.googleapis.com/auth/logging.admin"
            ]
          },
          {
            "Oauth2": [
              "https://www.googleapis.com/auth/logging.write"
            ],
            "Oauth2c": [
              "https://www.googleapis.com/auth/logging.write"
            ]
          }
        ],
        "tags": [
          "projects"
        ]
      }
    },
    "/v2/{parent}/logs": {
      "get": {
        "description": "Lists the logs in projects, organizations, folders, or billing accounts. Only logs that have entries are listed.",
        "operationId": "logging.billingAccounts.logs.list",
        "parameters": [
          {
            "description": "Required. The resource name that owns the logs:\n\"projects/[PROJECT_ID]\"\n\"organizations/[ORGANIZATION_ID]\"\n\"billingAccounts/[BILLING_ACCOUNT_ID]\"\n\"folders/[FOLDER_ID]\"\n",
            "in": "path",
            "name": "parent",
            "required": true,
            "type": "string",
            "x-reservedExpansion": true
          },
          {
            "description": "Optional. If present, then retrieve the next batch of results from the preceding call to this method. pageToken must be the value of nextPageToken from the previous response. The values of other method parameters should be identical to those in the previous call.",
            "in": "query",
            "name": "pageToken",
            "type": "string"
          },
          {
            "description": "Optional. The maximum number of results to return from this request. Non-positive values are ignored. The presence of nextPageToken in the response indicates that more results might be available.",
            "in": "query",
            "name": "pageSize",
            "type": "integer"
          }
        ],
        "responses": {
          "200": {
            "description": "Successful response",
            "schema": {
              "$ref": "#/definitions/ListLogsResponse"
            }
          }
        },
        "security": [
          {
            "Oauth2": [
              "https://www.googleapis.com/auth/cloud-platform"
            ],
            "Oauth2c": [
              "https://www.googleapis.com/auth/cloud-platform"
            ]
          },
          {
            "Oauth2": [
              "https://www.googleapis.com/auth/cloud-platform.read-only"
            ],
            "Oauth2c": [
              "https://www.googleapis.com/auth/cloud-platform.read-only"
            ]
          },
          {
            "Oauth2": [
              "https://www.googleapis.com/auth/logging.admin"
            ],
            "Oauth2c": [
              "https://www.googleapis.com/auth/logging.admin"
            ]
          },
          {
            "Oauth2": [
              "https://www.googleapis.com/auth/logging.read"
            ],
            "Oauth2c": [
              "https://www.googleapis.com/auth/logging.read"
            ]
          }
        ],
        "tags": [
          "billingAccounts"
        ]
      },
      "parameters": [
        {
          "$ref": "#/parameters/quotaUser"
        },
        {
          "$ref": "#/parameters/pp"
        },
        {
          "$ref": "#/parameters/oauth_token"
        },
        {
          "$ref": "#/parameters/bearer_token"
        },
        {
          "$ref": "#/parameters/upload_protocol"
        },
        {
          "$ref": "#/parameters/prettyPrint"
        },
        {
          "$ref": "#/parameters/uploadType"
        },
        {
          "$ref": "#/parameters/fields"
        },
        {
          "$ref": "#/parameters/$.xgafv"
        },
        {
          "$ref": "#/parameters/callback"
        },
        {
          "$ref": "#/parameters/alt"
        },
        {
          "$ref": "#/parameters/access_token"
        },
        {
          "$ref": "#/parameters/key"
        }
      ]
    },
    "/v2/{parent}/metrics": {
      "get": {
        "description": "Lists logs-based metrics.",
        "operationId": "logging.projects.metrics.list",
        "parameters": [
          {
            "description": "Required. The name of the project containing the metrics:\n\"projects/[PROJECT_ID]\"\n",
            "in": "path",
            "name": "parent",
            "required": true,
            "type": "string",
            "x-reservedExpansion": true
          },
          {
            "description": "Optional. If present, then retrieve the next batch of results from the preceding call to this method. pageToken must be the value of nextPageToken from the previous response. The values of other method parameters should be identical to those in the previous call.",
            "in": "query",
            "name": "pageToken",
            "type": "string"
          },
          {
            "description": "Optional. The maximum number of results to return from this request. Non-positive values are ignored. The presence of nextPageToken in the response indicates that more results might be available.",
            "in": "query",
            "name": "pageSize",
            "type": "integer"
          }
        ],
        "responses": {
          "200": {
            "description": "Successful response",
            "schema": {
              "$ref": "#/definitions/ListLogMetricsResponse"
            }
          }
        },
        "security": [
          {
            "Oauth2": [
              "https://www.googleapis.com/auth/cloud-platform"
            ],
            "Oauth2c": [
              "https://www.googleapis.com/auth/cloud-platform"
            ]
          },
          {
            "Oauth2": [
              "https://www.googleapis.com/auth/cloud-platform.read-only"
            ],
            "Oauth2c": [
              "https://www.googleapis.com/auth/cloud-platform.read-only"
            ]
          },
          {
            "Oauth2": [
              "https://www.googleapis.com/auth/logging.admin"
            ],
            "Oauth2c": [
              "https://www.googleapis.com/auth/logging.admin"
            ]
          },
          {
            "Oauth2": [
              "https://www.googleapis.com/auth/logging.read"
            ],
            "Oauth2c": [
              "https://www.googleapis.com/auth/logging.read"
            ]
          }
        ],
        "tags": [
          "projects"
        ]
      },
      "parameters": [
        {
          "$ref": "#/parameters/quotaUser"
        },
        {
          "$ref": "#/parameters/pp"
        },
        {
          "$ref": "#/parameters/oauth_token"
        },
        {
          "$ref": "#/parameters/bearer_token"
        },
        {
          "$ref": "#/parameters/upload_protocol"
        },
        {
          "$ref": "#/parameters/prettyPrint"
        },
        {
          "$ref": "#/parameters/uploadType"
        },
        {
          "$ref": "#/parameters/fields"
        },
        {
          "$ref": "#/parameters/$.xgafv"
        },
        {
          "$ref": "#/parameters/callback"
        },
        {
          "$ref": "#/parameters/alt"
        },
        {
          "$ref": "#/parameters/access_token"
        },
        {
          "$ref": "#/parameters/key"
        }
      ],
      "post": {
        "description": "Creates a logs-based metric.",
        "operationId": "logging.projects.metrics.create",
        "parameters": [
          {
            "description": "The resource name of the project in which to create the metric:\n\"projects/[PROJECT_ID]\"\nThe new metric must be provided in the request.",
            "in": "path",
            "name": "parent",
            "required": true,
            "type": "string",
            "x-reservedExpansion": true
          },
          {
            "in": "body",
            "name": "body",
            "schema": {
              "$ref": "#/definitions/LogMetric"
            }
          }
        ],
        "responses": {
          "200": {
            "description": "Successful response",
            "schema": {
              "$ref": "#/definitions/LogMetric"
            }
          }
        },
        "security": [
          {
            "Oauth2": [
              "https://www.googleapis.com/auth/cloud-platform"
            ],
            "Oauth2c": [
              "https://www.googleapis.com/auth/cloud-platform"
            ]
          },
          {
            "Oauth2": [
              "https://www.googleapis.com/auth/logging.admin"
            ],
            "Oauth2c": [
              "https://www.googleapis.com/auth/logging.admin"
            ]
          },
          {
            "Oauth2": [
              "https://www.googleapis.com/auth/logging.write"
            ],
            "Oauth2c": [
              "https://www.googleapis.com/auth/logging.write"
            ]
          }
        ],
        "tags": [
          "projects"
        ]
      }
    },
    "/v2/{parent}/sinks": {
      "get": {
        "description": "Lists sinks.",
        "operationId": "logging.billingAccounts.sinks.list",
        "parameters": [
          {
            "description": "Required. The parent resource whose sinks are to be listed:\n\"projects/[PROJECT_ID]\"\n\"organizations/[ORGANIZATION_ID]\"\n\"billingAccounts/[BILLING_ACCOUNT_ID]\"\n\"folders/[FOLDER_ID]\"\n",
            "in": "path",
            "name": "parent",
            "required": true,
            "type": "string",
            "x-reservedExpansion": true
          },
          {
            "description": "Optional. If present, then retrieve the next batch of results from the preceding call to this method. pageToken must be the value of nextPageToken from the previous response. The values of other method parameters should be identical to those in the previous call.",
            "in": "query",
            "name": "pageToken",
            "type": "string"
          },
          {
            "description": "Optional. The maximum number of results to return from this request. Non-positive values are ignored. The presence of nextPageToken in the response indicates that more results might be available.",
            "in": "query",
            "name": "pageSize",
            "type": "integer"
          }
        ],
        "responses": {
          "200": {
            "description": "Successful response",
            "schema": {
              "$ref": "#/definitions/ListSinksResponse"
            }
          }
        },
        "security": [
          {
            "Oauth2": [
              "https://www.googleapis.com/auth/cloud-platform"
            ],
            "Oauth2c": [
              "https://www.googleapis.com/auth/cloud-platform"
            ]
          },
          {
            "Oauth2": [
              "https://www.googleapis.com/auth/cloud-platform.read-only"
            ],
            "Oauth2c": [
              "https://www.googleapis.com/auth/cloud-platform.read-only"
            ]
          },
          {
            "Oauth2": [
              "https://www.googleapis.com/auth/logging.admin"
            ],
            "Oauth2c": [
              "https://www.googleapis.com/auth/logging.admin"
            ]
          },
          {
            "Oauth2": [
              "https://www.googleapis.com/auth/logging.read"
            ],
            "Oauth2c": [
              "https://www.googleapis.com/auth/logging.read"
            ]
          }
        ],
        "tags": [
          "billingAccounts"
        ]
      },
      "parameters": [
        {
          "$ref": "#/parameters/quotaUser"
        },
        {
          "$ref": "#/parameters/pp"
        },
        {
          "$ref": "#/parameters/oauth_token"
        },
        {
          "$ref": "#/parameters/bearer_token"
        },
        {
          "$ref": "#/parameters/upload_protocol"
        },
        {
          "$ref": "#/parameters/prettyPrint"
        },
        {
          "$ref": "#/parameters/uploadType"
        },
        {
          "$ref": "#/parameters/fields"
        },
        {
          "$ref": "#/parameters/$.xgafv"
        },
        {
          "$ref": "#/parameters/callback"
        },
        {
          "$ref": "#/parameters/alt"
        },
        {
          "$ref": "#/parameters/access_token"
        },
        {
          "$ref": "#/parameters/key"
        }
      ],
      "post": {
        "description": "Creates a sink that exports specified log entries to a destination. The export of newly-ingested log entries begins immediately, unless the current time is outside the sink's start and end times or the sink's writer_identity is not permitted to write to the destination. A sink can export log entries only from the resource owning the sink.",
        "operationId": "logging.billingAccounts.sinks.create",
        "parameters": [
          {
            "description": "Required. The resource in which to create the sink:\n\"projects/[PROJECT_ID]\"\n\"organizations/[ORGANIZATION_ID]\"\n\"billingAccounts/[BILLING_ACCOUNT_ID]\"\n\"folders/[FOLDER_ID]\"\nExamples: \"projects/my-logging-project\", \"organizations/123456789\".",
            "in": "path",
            "name": "parent",
            "required": true,
            "type": "string",
            "x-reservedExpansion": true
          },
          {
            "description": "Optional. Determines the kind of IAM identity returned as writer_identity in the new sink. If this value is omitted or set to false, and if the sink's parent is a project, then the value returned as writer_identity is the same group or service account used by Stackdriver Logging before the addition of writer identities to this API. The sink's destination must be in the same project as the sink itself.If this field is set to true, or if the sink is owned by a non-project resource such as an organization, then the value of writer_identity will be a unique service account used only for exports from the new sink. For more information, see writer_identity in LogSink.",
            "in": "query",
            "name": "uniqueWriterIdentity",
            "type": "boolean"
          },
          {
            "in": "body",
            "name": "body",
            "schema": {
              "$ref": "#/definitions/LogSink"
            }
          }
        ],
        "responses": {
          "200": {
            "description": "Successful response",
            "schema": {
              "$ref": "#/definitions/LogSink"
            }
          }
        },
        "security": [
          {
            "Oauth2": [
              "https://www.googleapis.com/auth/cloud-platform"
            ],
            "Oauth2c": [
              "https://www.googleapis.com/auth/cloud-platform"
            ]
          },
          {
            "Oauth2": [
              "https://www.googleapis.com/auth/logging.admin"
            ],
            "Oauth2c": [
              "https://www.googleapis.com/auth/logging.admin"
            ]
          }
        ],
        "tags": [
          "billingAccounts"
        ]
      }
    },
    "/v2/{sinkName}": {
      "delete": {
        "description": "Deletes a sink. If the sink has a unique writer_identity, then that service account is also deleted.",
        "operationId": "logging.billingAccounts.sinks.delete",
        "parameters": [
          {
            "description": "Required. The full resource name of the sink to delete, including the parent resource and the sink identifier:\n\"projects/[PROJECT_ID]/sinks/[SINK_ID]\"\n\"organizations/[ORGANIZATION_ID]/sinks/[SINK_ID]\"\n\"billingAccounts/[BILLING_ACCOUNT_ID]/sinks/[SINK_ID]\"\n\"folders/[FOLDER_ID]/sinks/[SINK_ID]\"\nExample: \"projects/my-project-id/sinks/my-sink-id\".",
            "in": "path",
            "name": "sinkName",
            "required": true,
            "type": "string",
            "x-reservedExpansion": true
          }
        ],
        "responses": {
          "200": {
            "description": "Successful response",
            "schema": {
              "$ref": "#/definitions/Empty"
            }
          }
        },
        "security": [
          {
            "Oauth2": [
              "https://www.googleapis.com/auth/cloud-platform"
            ],
            "Oauth2c": [
              "https://www.googleapis.com/auth/cloud-platform"
            ]
          },
          {
            "Oauth2": [
              "https://www.googleapis.com/auth/logging.admin"
            ],
            "Oauth2c": [
              "https://www.googleapis.com/auth/logging.admin"
            ]
          }
        ],
        "tags": [
          "billingAccounts"
        ]
      },
      "get": {
        "description": "Gets a sink.",
        "operationId": "logging.billingAccounts.sinks.get",
        "parameters": [
          {
            "description": "Required. The resource name of the sink:\n\"projects/[PROJECT_ID]/sinks/[SINK_ID]\"\n\"organizations/[ORGANIZATION_ID]/sinks/[SINK_ID]\"\n\"billingAccounts/[BILLING_ACCOUNT_ID]/sinks/[SINK_ID]\"\n\"folders/[FOLDER_ID]/sinks/[SINK_ID]\"\nExample: \"projects/my-project-id/sinks/my-sink-id\".",
            "in": "path",
            "name": "sinkName",
            "required": true,
            "type": "string",
            "x-reservedExpansion": true
          }
        ],
        "responses": {
          "200": {
            "description": "Successful response",
            "schema": {
              "$ref": "#/definitions/LogSink"
            }
          }
        },
        "security": [
          {
            "Oauth2": [
              "https://www.googleapis.com/auth/cloud-platform"
            ],
            "Oauth2c": [
              "https://www.googleapis.com/auth/cloud-platform"
            ]
          },
          {
            "Oauth2": [
              "https://www.googleapis.com/auth/cloud-platform.read-only"
            ],
            "Oauth2c": [
              "https://www.googleapis.com/auth/cloud-platform.read-only"
            ]
          },
          {
            "Oauth2": [
              "https://www.googleapis.com/auth/logging.admin"
            ],
            "Oauth2c": [
              "https://www.googleapis.com/auth/logging.admin"
            ]
          },
          {
            "Oauth2": [
              "https://www.googleapis.com/auth/logging.read"
            ],
            "Oauth2c": [
              "https://www.googleapis.com/auth/logging.read"
            ]
          }
        ],
        "tags": [
          "billingAccounts"
        ]
      },
      "parameters": [
        {
          "$ref": "#/parameters/quotaUser"
        },
        {
          "$ref": "#/parameters/pp"
        },
        {
          "$ref": "#/parameters/oauth_token"
        },
        {
          "$ref": "#/parameters/bearer_token"
        },
        {
          "$ref": "#/parameters/upload_protocol"
        },
        {
          "$ref": "#/parameters/prettyPrint"
        },
        {
          "$ref": "#/parameters/uploadType"
        },
        {
          "$ref": "#/parameters/fields"
        },
        {
          "$ref": "#/parameters/$.xgafv"
        },
        {
          "$ref": "#/parameters/callback"
        },
        {
          "$ref": "#/parameters/alt"
        },
        {
          "$ref": "#/parameters/access_token"
        },
        {
          "$ref": "#/parameters/key"
        }
      ],
      "put": {
        "description": "Updates a sink. If the named sink doesn't exist, then this method is identical to sinks.create. If the named sink does exist, then this method replaces the following fields in the existing sink with values from the new sink: destination, filter, output_version_format, start_time, and end_time. The updated filter might also have a new writer_identity; see the unique_writer_identity field.",
        "operationId": "logging.billingAccounts.sinks.update",
        "parameters": [
          {
            "description": "Required. The full resource name of the sink to update, including the parent resource and the sink identifier:\n\"projects/[PROJECT_ID]/sinks/[SINK_ID]\"\n\"organizations/[ORGANIZATION_ID]/sinks/[SINK_ID]\"\n\"billingAccounts/[BILLING_ACCOUNT_ID]/sinks/[SINK_ID]\"\n\"folders/[FOLDER_ID]/sinks/[SINK_ID]\"\nExample: \"projects/my-project-id/sinks/my-sink-id\".",
            "in": "path",
            "name": "sinkName",
            "required": true,
            "type": "string",
            "x-reservedExpansion": true
          },
          {
            "description": "Optional. See sinks.create for a description of this field. When updating a sink, the effect of this field on the value of writer_identity in the updated sink depends on both the old and new values of this field:\nIf the old and new values of this field are both false or both true, then there is no change to the sink's writer_identity.\nIf the old value is false and the new value is true, then writer_identity is changed to a unique service account.\nIt is an error if the old value is true and the new value is false.",
            "in": "query",
            "name": "uniqueWriterIdentity",
            "type": "boolean"
          },
          {
            "in": "body",
            "name": "body",
            "schema": {
              "$ref": "#/definitions/LogSink"
            }
          }
        ],
        "responses": {
          "200": {
            "description": "Successful response",
            "schema": {
              "$ref": "#/definitions/LogSink"
            }
          }
        },
        "security": [
          {
            "Oauth2": [
              "https://www.googleapis.com/auth/cloud-platform"
            ],
            "Oauth2c": [
              "https://www.googleapis.com/auth/cloud-platform"
            ]
          },
          {
            "Oauth2": [
              "https://www.googleapis.com/auth/logging.admin"
            ],
            "Oauth2c": [
              "https://www.googleapis.com/auth/logging.admin"
            ]
          }
        ],
        "tags": [
          "billingAccounts"
        ]
      }
    }
  },
  "definitions": {
    "Empty": {
      "description": "A generic empty message that you can re-use to avoid defining duplicated empty messages in your APIs. A typical example is to use it as the request or the response type of an API method. For instance:\nservice Foo {\n  rpc Bar(google.protobuf.Empty) returns (google.protobuf.Empty);\n}\nThe JSON representation for Empty is empty JSON object {}.",
      "properties": {},
      "type": "object"
    },
    "HttpRequest": {
      "description": "A common proto for logging HTTP requests. Only contains semantics defined by the HTTP specification. Product-specific logging information MUST be defined in a separate message.",
      "properties": {
        "cacheFillBytes": {
          "description": "The number of HTTP response bytes inserted into cache. Set only when a cache fill was attempted.",
          "format": "int64",
          "type": "string"
        },
        "cacheHit": {
          "description": "Whether or not an entity was served from cache (with or without validation).",
          "type": "boolean"
        },
        "cacheLookup": {
          "description": "Whether or not a cache lookup was attempted.",
          "type": "boolean"
        },
        "cacheValidatedWithOriginServer": {
          "description": "Whether or not the response was validated with the origin server before being served from cache. This field is only meaningful if cache_hit is True.",
          "type": "boolean"
        },
        "latency": {
          "description": "The request processing latency on the server, from the time the request was received until the response was sent.",
          "format": "google-duration",
          "type": "string"
        },
        "referer": {
          "description": "The referer URL of the request, as defined in HTTP/1.1 Header Field Definitions (http://www.w3.org/Protocols/rfc2616/rfc2616-sec14.html).",
          "type": "string"
        },
        "remoteIp": {
          "description": "The IP address (IPv4 or IPv6) of the client that issued the HTTP request. Examples: \"192.168.1.1\", \"FE80::0202:B3FF:FE1E:8329\".",
          "type": "string"
        },
        "requestMethod": {
          "description": "The request method. Examples: \"GET\", \"HEAD\", \"PUT\", \"POST\".",
          "type": "string"
        },
        "requestSize": {
          "description": "The size of the HTTP request message in bytes, including the request headers and the request body.",
          "format": "int64",
          "type": "string"
        },
        "requestUrl": {
          "description": "The scheme (http, https), the host name, the path and the query portion of the URL that was requested. Example: \"http://example.com/some/info?color=red\".",
          "type": "string"
        },
        "responseSize": {
          "description": "The size of the HTTP response message sent back to the client, in bytes, including the response headers and the response body.",
          "format": "int64",
          "type": "string"
        },
        "serverIp": {
          "description": "The IP address (IPv4 or IPv6) of the origin server that the request was sent to.",
          "type": "string"
        },
        "status": {
          "description": "The response code indicating the status of response. Examples: 200, 404.",
          "format": "int32",
          "type": "integer"
        },
        "userAgent": {
          "description": "The user agent sent by the client. Example: \"Mozilla/4.0 (compatible; MSIE 6.0; Windows 98; Q312461; .NET CLR 1.0.3705)\".",
          "type": "string"
        }
      },
      "type": "object"
    },
    "LabelDescriptor": {
      "description": "A description of a label.",
      "properties": {
        "description": {
          "description": "A human-readable description for the label.",
          "type": "string"
        },
        "key": {
          "description": "The label key.",
          "type": "string"
        },
        "valueType": {
          "description": "The type of data that can be assigned to the label.",
          "enum": [
            "STRING",
            "BOOL",
            "INT64"
          ],
          "type": "string"
        }
      },
      "type": "object"
    },
    "ListLogEntriesRequest": {
      "description": "The parameters to ListLogEntries.",
      "properties": {
        "filter": {
          "description": "Optional. A filter that chooses which log entries to return. See Advanced Logs Filters. Only log entries that match the filter are returned. An empty filter matches all log entries in the resources listed in resource_names. Referencing a parent resource that is not listed in resource_names will cause the filter to return no results. The maximum length of the filter is 20000 characters.",
          "type": "string"
        },
        "orderBy": {
          "description": "Optional. How the results should be sorted. Presently, the only permitted values are \"timestamp asc\" (default) and \"timestamp desc\". The first option returns entries in order of increasing values of LogEntry.timestamp (oldest first), and the second option returns entries in order of decreasing timestamps (newest first). Entries with equal timestamps are returned in order of their insert_id values.",
          "type": "string"
        },
        "pageSize": {
          "description": "Optional. The maximum number of results to return from this request. Non-positive values are ignored. The presence of next_page_token in the response indicates that more results might be available.",
          "format": "int32",
          "type": "integer"
        },
        "pageToken": {
          "description": "Optional. If present, then retrieve the next batch of results from the preceding call to this method. page_token must be the value of next_page_token from the previous response. The values of other method parameters should be identical to those in the previous call.",
          "type": "string"
        },
        "projectIds": {
          "description": "Deprecated. Use resource_names instead. One or more project identifiers or project numbers from which to retrieve log entries. Example: \"my-project-1A\". If present, these project identifiers are converted to resource name format and added to the list of resources in resource_names.",
          "items": {
            "type": "string"
          },
          "type": "array"
        },
        "resourceNames": {
          "description": "Required. Names of one or more parent resources from which to retrieve log entries:\n\"projects/[PROJECT_ID]\"\n\"organizations/[ORGANIZATION_ID]\"\n\"billingAccounts/[BILLING_ACCOUNT_ID]\"\n\"folders/[FOLDER_ID]\"\nProjects listed in the project_ids field are added to this list.",
          "items": {
            "type": "string"
          },
          "type": "array"
        }
      },
      "type": "object"
    },
    "ListLogEntriesResponse": {
      "description": "Result returned from ListLogEntries.",
      "properties": {
        "entries": {
          "description": "A list of log entries.",
          "items": {
            "$ref": "#/definitions/LogEntry"
          },
          "type": "array"
        },
        "nextPageToken": {
          "description": "If there might be more results than those appearing in this response, then nextPageToken is included. To get the next set of results, call this method again using the value of nextPageToken as pageToken.If a value for next_page_token appears and the entries field is empty, it means that the search found no log entries so far but it did not have time to search all the possible log entries. Retry the method with this value for page_token to continue the search. Alternatively, consider speeding up the search by changing your filter to specify a single log name or resource type, or to narrow the time range of the search.",
          "type": "string"
        }
      },
      "type": "object"
    },
    "ListLogMetricsResponse": {
      "description": "Result returned from ListLogMetrics.",
      "properties": {
        "metrics": {
          "description": "A list of logs-based metrics.",
          "items": {
            "$ref": "#/definitions/LogMetric"
          },
          "type": "array"
        },
        "nextPageToken": {
          "description": "If there might be more results than appear in this response, then nextPageToken is included. To get the next set of results, call this method again using the value of nextPageToken as pageToken.",
          "type": "string"
        }
      },
      "type": "object"
    },
    "ListLogsResponse": {
      "description": "Result returned from ListLogs.",
      "properties": {
        "logNames": {
          "description": "A list of log names. For example, \"projects/my-project/syslog\" or \"organizations/123/cloudresourcemanager.googleapis.com%2Factivity\".",
          "items": {
            "type": "string"
          },
          "type": "array"
        },
        "nextPageToken": {
          "description": "If there might be more results than those appearing in this response, then nextPageToken is included. To get the next set of results, call this method again using the value of nextPageToken as pageToken.",
          "type": "string"
        }
      },
      "type": "object"
    },
    "ListMonitoredResourceDescriptorsResponse": {
      "description": "Result returned from ListMonitoredResourceDescriptors.",
      "properties": {
        "nextPageToken": {
          "description": "If there might be more results than those appearing in this response, then nextPageToken is included. To get the next set of results, call this method again using the value of nextPageToken as pageToken.",
          "type": "string"
        },
        "resourceDescriptors": {
          "description": "A list of resource descriptors.",
          "items": {
            "$ref": "#/definitions/MonitoredResourceDescriptor"
          },
          "type": "array"
        }
      },
      "type": "object"
    },
    "ListSinksResponse": {
      "description": "Result returned from ListSinks.",
      "properties": {
        "nextPageToken": {
          "description": "If there might be more results than appear in this response, then nextPageToken is included. To get the next set of results, call the same method again using the value of nextPageToken as pageToken.",
          "type": "string"
        },
        "sinks": {
          "description": "A list of sinks.",
          "items": {
            "$ref": "#/definitions/LogSink"
          },
          "type": "array"
        }
      },
      "type": "object"
    },
    "LogEntry": {
      "description": "An individual entry in a log.",
      "properties": {
        "httpRequest": {
          "$ref": "#/definitions/HttpRequest",
          "description": "Optional. Information about the HTTP request associated with this log entry, if applicable."
        },
        "insertId": {
          "description": "Optional. A unique identifier for the log entry. If you provide a value, then Stackdriver Logging considers other log entries in the same project, with the same timestamp, and with the same insert_id to be duplicates which can be removed. If omitted in new log entries, then Stackdriver Logging will insert its own unique identifier. The insert_id is used to order log entries that have the same timestamp value.",
          "type": "string"
        },
        "jsonPayload": {
          "additionalProperties": {
            "description": "Properties of the object."
          },
          "description": "The log entry payload, represented as a structure that is expressed as a JSON object.",
          "type": "object"
        },
        "labels": {
          "additionalProperties": {
            "type": "string"
          },
          "description": "Optional. A set of user-defined (key, value) data that provides additional information about the log entry.",
          "type": "object"
        },
        "logName": {
          "description": "Required. The resource name of the log to which this log entry belongs:\n\"projects/[PROJECT_ID]/logs/[LOG_ID]\"\n\"organizations/[ORGANIZATION_ID]/logs/[LOG_ID]\"\n\"billingAccounts/[BILLING_ACCOUNT_ID]/logs/[LOG_ID]\"\n\"folders/[FOLDER_ID]/logs/[LOG_ID]\"\n[LOG_ID] must be URL-encoded within log_name. Example: \"organizations/1234567890/logs/cloudresourcemanager.googleapis.com%2Factivity\". [LOG_ID] must be less than 512 characters long and can only include the following characters: upper and lower case alphanumeric characters, forward-slash, underscore, hyphen, and period.For backward compatibility, if log_name begins with a forward-slash, such as /projects/..., then the log entry is ingested as usual but the forward-slash is removed. Listing the log entry will not show the leading slash and filtering for a log name with a leading slash will never return any results.",
          "type": "string"
        },
        "operation": {
          "$ref": "#/definitions/LogEntryOperation",
          "description": "Optional. Information about an operation associated with the log entry, if applicable."
        },
        "protoPayload": {
          "additionalProperties": {
            "description": "Properties of the object. Contains field @type with type URL."
          },
          "description": "The log entry payload, represented as a protocol buffer. Some Google Cloud Platform services use this field for their log entry payloads.",
          "type": "object"
        },
        "resource": {
          "$ref": "#/definitions/MonitoredResource",
          "description": "Required. The monitored resource associated with this log entry. Example: a log entry that reports a database error would be associated with the monitored resource designating the particular database that reported the error."
        },
        "severity": {
          "description": "Optional. The severity of the log entry. The default value is LogSeverity.DEFAULT.",
          "enum": [
            "DEFAULT",
            "DEBUG",
            "INFO",
            "NOTICE",
            "WARNING",
            "ERROR",
            "CRITICAL",
            "ALERT",
            "EMERGENCY"
          ],
          "type": "string"
        },
        "sourceLocation": {
          "$ref": "#/definitions/LogEntrySourceLocation",
          "description": "Optional. Source code location information associated with the log entry, if any."
        },
        "textPayload": {
          "description": "The log entry payload, represented as a Unicode string (UTF-8).",
          "type": "string"
        },
        "timestamp": {
          "description": "Optional. The time the event described by the log entry occurred. If omitted in a new log entry, Stackdriver Logging will insert the time the log entry is received. Stackdriver Logging might reject log entries whose time stamps are more than a couple of hours in the future. Log entries with time stamps in the past are accepted.",
          "format": "google-datetime",
          "type": "string"
        },
        "trace": {
          "description": "Optional. Resource name of the trace associated with the log entry, if any. If it contains a relative resource name, the name is assumed to be relative to //tracing.googleapis.com. Example: projects/my-projectid/traces/06796866738c859f2f19b7cfb3214824",
          "type": "string"
        }
      },
      "type": "object"
    },
    "LogEntryOperation": {
      "description": "Additional information about a potentially long-running operation with which a log entry is associated.",
      "properties": {
        "first": {
          "description": "Optional. Set this to True if this is the first log entry in the operation.",
          "type": "boolean"
        },
        "id": {
          "description": "Optional. An arbitrary operation identifier. Log entries with the same identifier are assumed to be part of the same operation.",
          "type": "string"
        },
        "last": {
          "description": "Optional. Set this to True if this is the last log entry in the operation.",
          "type": "boolean"
        },
        "producer": {
          "description": "Optional. An arbitrary producer identifier. The combination of id and producer must be globally unique. Examples for producer: \"MyDivision.MyBigCompany.com\", \"github.com/MyProject/MyApplication\".",
          "type": "string"
        }
      },
      "type": "object"
    },
    "LogEntrySourceLocation": {
      "description": "Additional information about the source code location that produced the log entry.",
      "properties": {
        "file": {
          "description": "Optional. Source file name. Depending on the runtime environment, this might be a simple name or a fully-qualified name.",
          "type": "string"
        },
        "function": {
          "description": "Optional. Human-readable name of the function or method being invoked, with optional context such as the class or package name. This information may be used in contexts such as the logs viewer, where a file and line number are less meaningful. The format can vary by language. For example: qual.if.ied.Class.method (Java), dir/package.func (Go), function (Python).",
          "type": "string"
        },
        "line": {
          "description": "Optional. Line within the source file. 1-based; 0 indicates no line number available.",
          "format": "int64",
          "type": "string"
        }
      },
      "type": "object"
    },
    "LogLine": {
      "description": "Application log line emitted while processing a request.",
      "properties": {
        "logMessage": {
          "description": "App-provided log message.",
          "type": "string"
        },
        "severity": {
          "description": "Severity of this log entry.",
          "enum": [
            "DEFAULT",
            "DEBUG",
            "INFO",
            "NOTICE",
            "WARNING",
            "ERROR",
            "CRITICAL",
            "ALERT",
            "EMERGENCY"
          ],
          "type": "string"
        },
        "sourceLocation": {
          "$ref": "#/definitions/SourceLocation",
          "description": "Where in the source code this log message was written."
        },
        "time": {
          "description": "Approximate time when this log entry was made.",
          "format": "google-datetime",
          "type": "string"
        }
      },
      "type": "object"
    },
    "LogMetric": {
      "description": "Describes a logs-based metric. The value of the metric is the number of log entries that match a logs filter in a given time interval.",
      "properties": {
        "description": {
          "description": "Optional. A description of this metric, which is used in documentation.",
          "type": "string"
        },
        "filter": {
          "description": "Required. An advanced logs filter which is used to match log entries. Example:\n\"resource.type=gae_app AND severity>=ERROR\"\nThe maximum length of the filter is 20000 characters.",
          "type": "string"
        },
        "name": {
          "description": "Required. The client-assigned metric identifier. Examples: \"error_count\", \"nginx/requests\".Metric identifiers are limited to 100 characters and can include only the following characters: A-Z, a-z, 0-9, and the special characters _-.,+!*',()%/. The forward-slash character (/) denotes a hierarchy of name pieces, and it cannot be the first character of the name.The metric identifier in this field must not be URL-encoded (https://en.wikipedia.org/wiki/Percent-encoding). However, when the metric identifier appears as the [METRIC_ID] part of a metric_name API parameter, then the metric identifier must be URL-encoded. Example: \"projects/my-project/metrics/nginx%2Frequests\".",
          "type": "string"
        },
        "version": {
          "description": "Output only. The API version that created or updated this metric. The version also dictates the syntax of the filter expression. When a value for this field is missing, the default value of V2 should be assumed.",
          "enum": [
            "V2",
            "V1"
          ],
          "type": "string"
        }
      },
      "type": "object"
    },
    "LogSink": {
      "description": "Describes a sink used to export log entries to one of the following destinations in any project: a Cloud Storage bucket, a BigQuery dataset, or a Cloud Pub/Sub topic. A logs filter controls which log entries are exported. The sink must be created within a project, organization, billing account, or folder.",
      "properties": {
        "destination": {
          "description": "Required. The export destination:\n\"storage.googleapis.com/[GCS_BUCKET]\"\n\"bigquery.googleapis.com/projects/[PROJECT_ID]/datasets/[DATASET]\"\n\"pubsub.googleapis.com/projects/[PROJECT_ID]/topics/[TOPIC_ID]\"\nThe sink's writer_identity, set when the sink is created, must have permission to write to the destination or else the log entries are not exported. For more information, see Exporting Logs With Sinks.",
          "type": "string"
        },
        "endTime": {
          "description": "Optional. The time at which this sink will stop exporting log entries. Log entries are exported only if their timestamp is earlier than the end time. If this field is not supplied, there is no end time. If both a start time and an end time are provided, then the end time must be later than the start time.",
          "format": "google-datetime",
          "type": "string"
        },
        "filter": {
          "description": "Optional. An advanced logs filter. The only exported log entries are those that are in the resource owning the sink and that match the filter. The filter must use the log entry format specified by the output_version_format parameter. For example, in the v2 format:\nlogName=\"projects/[PROJECT_ID]/logs/[LOG_ID]\" AND severity>=ERROR\n",
          "type": "string"
        },
        "includeChildren": {
          "description": "Optional. This field presently applies only to sinks in organizations and folders. If true, then logs from children of this entity will also be available to this sink for export. Whether particular log entries from the children are exported depends on the sink's filter expression. For example, if this sink is associated with an organization, then logs from all projects in the organization as well as from the organization itself will be available for export.",
          "type": "boolean"
        },
        "name": {
          "description": "Required. The client-assigned sink identifier, unique within the project. Example: \"my-syslog-errors-to-pubsub\". Sink identifiers are limited to 100 characters and can include only the following characters: upper and lower-case alphanumeric characters, underscores, hyphens, and periods.",
          "type": "string"
        },
        "outputVersionFormat": {
          "description": "Optional. The log entry format to use for this sink's exported log entries. The v2 format is used by default. The v1 format is deprecated and should be used only as part of a migration effort to v2. See Migration to the v2 API.",
          "enum": [
            "VERSION_FORMAT_UNSPECIFIED",
            "V2",
            "V1"
          ],
          "type": "string"
        },
        "startTime": {
          "description": "Optional. The time at which this sink will begin exporting log entries. Log entries are exported only if their timestamp is not earlier than the start time. The default value of this field is the time the sink is created or updated.",
          "format": "google-datetime",
          "type": "string"
        },
        "writerIdentity": {
          "description": "Output only. An IAM identity&mdash;a service account or group&mdash;under which Stackdriver Logging writes the exported log entries to the sink's destination. This field is set by sinks.create and sinks.update, based on the setting of unique_writer_identity in those methods.Until you grant this identity write-access to the destination, log entry exports from this sink will fail. For more information, see Granting access for a resource. Consult the destination service's documentation to determine the appropriate IAM roles to assign to the identity.",
          "type": "string"
        }
      },
      "type": "object"
    },
    "MonitoredResource": {
      "description": "An object representing a resource that can be used for monitoring, logging, billing, or other purposes. Examples include virtual machine instances, databases, and storage devices such as disks. The type field identifies a MonitoredResourceDescriptor object that describes the resource's schema. Information in the labels field identifies the actual resource and its attributes according to the schema. For example, a particular Compute Engine VM instance could be represented by the following object, because the MonitoredResourceDescriptor for \"gce_instance\" has labels \"instance_id\" and \"zone\":\n{ \"type\": \"gce_instance\",\n  \"labels\": { \"instance_id\": \"12345678901234\",\n              \"zone\": \"us-central1-a\" }}\n",
      "properties": {
        "labels": {
          "additionalProperties": {
            "type": "string"
          },
          "description": "Required. Values for all of the labels listed in the associated monitored resource descriptor. For example, Cloud SQL databases use the labels \"database_id\" and \"zone\".",
          "type": "object"
        },
        "type": {
          "description": "Required. The monitored resource type. This field must match the type field of a MonitoredResourceDescriptor object. For example, the type of a Cloud SQL database is \"cloudsql_database\".",
          "type": "string"
        }
      },
      "type": "object"
    },
    "MonitoredResourceDescriptor": {
      "description": "An object that describes the schema of a MonitoredResource object using a type name and a set of labels. For example, the monitored resource descriptor for Google Compute Engine VM instances has a type of \"gce_instance\" and specifies the use of the labels \"instance_id\" and \"zone\" to identify particular VM instances.Different APIs can support different monitored resource types. APIs generally provide a list method that returns the monitored resource descriptors used by the API.",
      "properties": {
        "description": {
          "description": "Optional. A detailed description of the monitored resource type that might be used in documentation.",
          "type": "string"
        },
        "displayName": {
          "description": "Optional. A concise name for the monitored resource type that might be displayed in user interfaces. It should be a Title Cased Noun Phrase, without any article or other determiners. For example, \"Google Cloud SQL Database\".",
          "type": "string"
        },
        "labels": {
          "description": "Required. A set of labels used to describe instances of this monitored resource type. For example, an individual Google Cloud SQL database is identified by values for the labels \"database_id\" and \"zone\".",
          "items": {
            "$ref": "#/definitions/LabelDescriptor"
          },
          "type": "array"
        },
        "name": {
          "description": "Optional. The resource name of the monitored resource descriptor: \"projects/{project_id}/monitoredResourceDescriptors/{type}\" where {type} is the value of the type field in this object and {project_id} is a project ID that provides API-specific context for accessing the type. APIs that do not use project information can use the resource name format \"monitoredResourceDescriptors/{type}\".",
          "type": "string"
        },
        "type": {
          "description": "Required. The monitored resource type. For example, the type \"cloudsql_database\" represents databases in Google Cloud SQL. The maximum length of this value is 256 characters.",
          "type": "string"
        }
      },
      "type": "object"
    },
    "RequestLog": {
      "description": "Complete log information about a single HTTP request to an App Engine application.",
      "properties": {
        "appEngineRelease": {
          "description": "App Engine release version.",
          "type": "string"
        },
        "appId": {
          "description": "Application that handled this request.",
          "type": "string"
        },
        "cost": {
          "description": "An indication of the relative cost of serving this request.",
          "format": "double",
          "type": "number"
        },
        "endTime": {
          "description": "Time when the request finished.",
          "format": "google-datetime",
          "type": "string"
        },
        "finished": {
          "description": "Whether this request is finished or active.",
          "type": "boolean"
        },
        "first": {
          "description": "Whether this is the first RequestLog entry for this request. If an active request has several RequestLog entries written to Stackdriver Logging, then this field will be set for one of them.",
          "type": "boolean"
        },
        "host": {
          "description": "Internet host and port number of the resource being requested.",
          "type": "string"
        },
        "httpVersion": {
          "description": "HTTP version of request. Example: \"HTTP/1.1\".",
          "type": "string"
        },
        "instanceId": {
          "description": "An identifier for the instance that handled the request.",
          "type": "string"
        },
        "instanceIndex": {
          "description": "If the instance processing this request belongs to a manually scaled module, then this is the 0-based index of the instance. Otherwise, this value is -1.",
          "format": "int32",
          "type": "integer"
        },
        "ip": {
          "description": "Origin IP address.",
          "type": "string"
        },
        "latency": {
          "description": "Latency of the request.",
          "format": "google-duration",
          "type": "string"
        },
        "line": {
          "description": "A list of log lines emitted by the application while serving this request.",
          "items": {
            "$ref": "#/definitions/LogLine"
          },
          "type": "array"
        },
        "megaCycles": {
          "description": "Number of CPU megacycles used to process request.",
          "format": "int64",
          "type": "string"
        },
        "method": {
          "description": "Request method. Example: \"GET\", \"HEAD\", \"PUT\", \"POST\", \"DELETE\".",
          "type": "string"
        },
        "moduleId": {
          "description": "Module of the application that handled this request.",
          "type": "string"
        },
        "nickname": {
          "description": "The logged-in user who made the request.Most likely, this is the part of the user's email before the @ sign. The field value is the same for different requests from the same user, but different users can have similar names. This information is also available to the application via the App Engine Users API.This field will be populated starting with App Engine 1.9.21.",
          "type": "string"
        },
        "pendingTime": {
          "description": "Time this request spent in the pending request queue.",
          "format": "google-duration",
          "type": "string"
        },
        "referrer": {
          "description": "Referrer URL of request.",
          "type": "string"
        },
        "requestId": {
          "description": "Globally unique identifier for a request, which is based on the request start time. Request IDs for requests which started later will compare greater as strings than those for requests which started earlier.",
          "type": "string"
        },
        "resource": {
          "description": "Contains the path and query portion of the URL that was requested. For example, if the URL was \"http://example.com/app?name=val\", the resource would be \"/app?name=val\". The fragment identifier, which is identified by the # character, is not included.",
          "type": "string"
        },
        "responseSize": {
          "description": "Size in bytes sent back to client by request.",
          "format": "int64",
          "type": "string"
        },
        "sourceReference": {
          "description": "Source code for the application that handled this request. There can be more than one source reference per deployed application if source code is distributed among multiple repositories.",
          "items": {
            "$ref": "#/definitions/SourceReference"
          },
          "type": "array"
        },
        "startTime": {
          "description": "Time when the request started.",
          "format": "google-datetime",
          "type": "string"
        },
        "status": {
          "description": "HTTP response status code. Example: 200, 404.",
          "format": "int32",
          "type": "integer"
        },
        "taskName": {
          "description": "Task name of the request, in the case of an offline request.",
          "type": "string"
        },
        "taskQueueName": {
          "description": "Queue name of the request, in the case of an offline request.",
          "type": "string"
        },
        "traceId": {
          "description": "Stackdriver Trace identifier for this request.",
          "type": "string"
        },
        "urlMapEntry": {
          "description": "File or class that handled the request.",
          "type": "string"
        },
        "userAgent": {
          "description": "User agent that made the request.",
          "type": "string"
        },
        "versionId": {
          "description": "Version of the application that handled this request.",
          "type": "string"
        },
        "wasLoadingRequest": {
          "description": "Whether this was a loading request for the instance.",
          "type": "boolean"
        }
      },
      "type": "object"
    },
    "SourceLocation": {
      "description": "Specifies a location in a source code file.",
      "properties": {
        "file": {
          "description": "Source file name. Depending on the runtime environment, this might be a simple name or a fully-qualified name.",
          "type": "string"
        },
        "functionName": {
          "description": "Human-readable name of the function or method being invoked, with optional context such as the class or package name. This information is used in contexts such as the logs viewer, where a file and line number are less meaningful. The format can vary by language. For example: qual.if.ied.Class.method (Java), dir/package.func (Go), function (Python).",
          "type": "string"
        },
        "line": {
          "description": "Line within the source file.",
          "format": "int64",
          "type": "string"
        }
      },
      "type": "object"
    },
    "SourceReference": {
      "description": "A reference to a particular snapshot of the source tree used to build and deploy an application.",
      "properties": {
        "repository": {
          "description": "Optional. A URI string identifying the repository. Example: \"https://github.com/GoogleCloudPlatform/kubernetes.git\"",
          "type": "string"
        },
        "revisionId": {
          "description": "The canonical and persistent identifier of the deployed revision. Example (git): \"0035781c50ec7aa23385dc841529ce8a4b70db1b\"",
          "type": "string"
        }
      },
      "type": "object"
    },
    "WriteLogEntriesRequest": {
      "description": "The parameters to WriteLogEntries.",
      "properties": {
        "entries": {
          "description": "Required. The log entries to write. Values supplied for the fields log_name, resource, and labels in this entries.write request are inserted into those log entries in this list that do not provide their own values.Stackdriver Logging also creates and inserts values for timestamp and insert_id if the entries do not provide them. The created insert_id for the N'th entry in this list will be greater than earlier entries and less than later entries. Otherwise, the order of log entries in this list does not matter.To improve throughput and to avoid exceeding the quota limit for calls to entries.write, you should write multiple log entries at once rather than calling this method for each individual log entry.",
          "items": {
            "$ref": "#/definitions/LogEntry"
          },
          "type": "array"
        },
        "labels": {
          "additionalProperties": {
            "type": "string"
          },
          "description": "Optional. Default labels that are added to the labels field of all log entries in entries. If a log entry already has a label with the same key as a label in this parameter, then the log entry's label is not changed. See LogEntry.",
          "type": "object"
        },
        "logName": {
          "description": "Optional. A default log resource name that is assigned to all log entries in entries that do not specify a value for log_name:\n\"projects/[PROJECT_ID]/logs/[LOG_ID]\"\n\"organizations/[ORGANIZATION_ID]/logs/[LOG_ID]\"\n\"billingAccounts/[BILLING_ACCOUNT_ID]/logs/[LOG_ID]\"\n\"folders/[FOLDER_ID]/logs/[LOG_ID]\"\n[LOG_ID] must be URL-encoded. For example, \"projects/my-project-id/logs/syslog\" or \"organizations/1234567890/logs/cloudresourcemanager.googleapis.com%2Factivity\". For more information about log names, see LogEntry.",
          "type": "string"
        },
        "partialSuccess": {
          "description": "Optional. Whether valid entries should be written even if some other entries fail due to INVALID_ARGUMENT or PERMISSION_DENIED errors. If any entry is not written, then the response status is the error associated with one of the failed entries and the response includes error details keyed by the entries' zero-based index in the entries.write method.",
          "type": "boolean"
        },
        "resource": {
          "$ref": "#/definitions/MonitoredResource",
          "description": "Optional. A default monitored resource object that is assigned to all log entries in entries that do not specify a value for resource. Example:\n{ \"type\": \"gce_instance\",\n  \"labels\": {\n    \"zone\": \"us-central1-a\", \"instance_id\": \"00000000000000000000\" }}\nSee LogEntry."
        }
      },
      "type": "object"
    },
    "WriteLogEntriesResponse": {
      "description": "Result returned from WriteLogEntries. empty",
      "properties": {},
      "type": "object"
    }
  }
}
