{
  "swagger": "2.0",
  "schemes": [
    "https"
  ],
  "host": "cloudfunctions.googleapis.com",
  "basePath": "/",
  "info": {
    "contact": {
      "name": "Google",
      "url": "https://google.com"
    },
    "description": "API for managing lightweight user-provided functions executed in response to events.",
    "license": {
      "name": "Creative Commons Attribution 3.0",
      "url": "http://creativecommons.org/licenses/by/3.0/"
    },
    "termsOfService": "https://developers.google.com/terms/",
    "title": "Google Cloud Functions",
    "version": "v1beta2",
    "x-apiClientRegistration": {
      "url": "https://console.developers.google.com"
    },
    "x-logo": {
      "url": "https://api.apis.guru/v2/cache/logo/https_www.google.com_images_branding_googlelogo_2x_googlelogo_color_272x92dp.png"
    },
    "x-origin": [
      {
        "converter": {
          "url": "https://github.com/lucybot/api-spec-converter",
          "version": "2.0.1"
        },
        "format": "google",
        "url": "https://cloudfunctions.googleapis.com/$discovery/rest?version=v1beta2",
        "version": "v1"
      }
    ],
    "x-preferred": true,
    "x-providerName": "googleapis.com",
    "x-serviceName": "cloudfunctions"
  },
  "externalDocs": {
    "url": "https://cloud.google.com/functions"
  },
  "securityDefinitions": {
    "Oauth2": {
      "authorizationUrl": "https://accounts.google.com/o/oauth2/auth",
      "description": "Oauth 2.0 implicit authentication",
      "flow": "implicit",
      "scopes": {
        "https://www.googleapis.com/auth/cloud-platform": "View and manage your data across Google Cloud Platform services"
      },
      "type": "oauth2"
    },
    "Oauth2c": {
      "authorizationUrl": "https://accounts.google.com/o/oauth2/auth",
      "description": "Oauth 2.0 accessCode authentication",
      "flow": "accessCode",
      "scopes": {
        "https://www.googleapis.com/auth/cloud-platform": "View and manage your data across Google Cloud Platform services"
      },
      "tokenUrl": "https://accounts.google.com/o/oauth2/token",
      "type": "oauth2"
    }
  },
  "parameters": {
    "$.xgafv": {
      "description": "V1 error format.",
      "enum": [
        "1",
        "2"
      ],
      "in": "query",
      "name": "$.xgafv",
      "type": "string"
    },
    "access_token": {
      "description": "OAuth access token.",
      "in": "query",
      "name": "access_token",
      "type": "string"
    },
    "alt": {
      "default": "json",
      "description": "Data format for response.",
      "enum": [
        "json",
        "media",
        "proto"
      ],
      "in": "query",
      "name": "alt",
      "type": "string"
    },
    "bearer_token": {
      "description": "OAuth bearer token.",
      "in": "query",
      "name": "bearer_token",
      "type": "string"
    },
    "callback": {
      "description": "JSONP",
      "in": "query",
      "name": "callback",
      "type": "string"
    },
    "fields": {
      "description": "Selector specifying which fields to include in a partial response.",
      "in": "query",
      "name": "fields",
      "type": "string"
    },
    "key": {
      "description": "API key. Your API key identifies your project and provides you with API access, quota, and reports. Required unless you provide an OAuth 2.0 token.",
      "in": "query",
      "name": "key",
      "type": "string"
    },
    "oauth_token": {
      "description": "OAuth 2.0 token for the current user.",
      "in": "query",
      "name": "oauth_token",
      "type": "string"
    },
    "pp": {
      "default": true,
      "description": "Pretty-print response.",
      "in": "query",
      "name": "pp",
      "type": "boolean"
    },
    "prettyPrint": {
      "default": true,
      "description": "Returns response with indentations and line breaks.",
      "in": "query",
      "name": "prettyPrint",
      "type": "boolean"
    },
    "quotaUser": {
      "description": "Available to use for quota purposes for server-side applications. Can be any arbitrary string assigned to a user, but should not exceed 40 characters.",
      "in": "query",
      "name": "quotaUser",
      "type": "string"
    },
    "uploadType": {
      "description": "Legacy upload protocol for media (e.g. \"media\", \"multipart\").",
      "in": "query",
      "name": "uploadType",
      "type": "string"
    },
    "upload_protocol": {
      "description": "Upload protocol for media (e.g. \"raw\", \"multipart\").",
      "in": "query",
      "name": "upload_protocol",
      "type": "string"
    }
  },
  "tags": [
    {
      "name": "operations"
    },
    {
      "name": "projects"
    }
  ],
  "paths": {
    "/v1beta2/{location}/functions": {
      "get": {
        "description": "Returns a list of functions that belong to the requested project.",
        "operationId": "cloudfunctions.projects.locations.functions.list",
        "parameters": [
          {
            "description": "The project and location from which the function should be listed,\nspecified in the format `projects/*/locations/*`\nIf you want to list functions in all locations, use \"-\" in place of a\nlocation.",
            "in": "path",
            "name": "location",
            "required": true,
            "type": "string",
            "x-reservedExpansion": true
          },
          {
            "description": "The value returned by the last\n`ListFunctionsResponse`; indicates that\nthis is a continuation of a prior `ListFunctions` call, and that the\nsystem should return the next page of data.",
            "in": "query",
            "name": "pageToken",
            "type": "string"
          },
          {
            "description": "Maximum number of functions to return per call.",
            "in": "query",
            "name": "pageSize",
            "type": "integer"
          }
        ],
        "responses": {
          "200": {
            "description": "Successful response",
            "schema": {
              "$ref": "#/definitions/ListFunctionsResponse"
            }
          }
        },
        "security": [
          {
            "Oauth2": [
              "https://www.googleapis.com/auth/cloud-platform"
            ],
            "Oauth2c": [
              "https://www.googleapis.com/auth/cloud-platform"
            ]
          }
        ],
        "tags": [
          "projects"
        ]
      },
      "parameters": [
        {
          "$ref": "#/parameters/upload_protocol"
        },
        {
          "$ref": "#/parameters/prettyPrint"
        },
        {
          "$ref": "#/parameters/uploadType"
        },
        {
          "$ref": "#/parameters/fields"
        },
        {
          "$ref": "#/parameters/$.xgafv"
        },
        {
          "$ref": "#/parameters/callback"
        },
        {
          "$ref": "#/parameters/alt"
        },
        {
          "$ref": "#/parameters/key"
        },
        {
          "$ref": "#/parameters/access_token"
        },
        {
          "$ref": "#/parameters/quotaUser"
        },
        {
          "$ref": "#/parameters/pp"
        },
        {
          "$ref": "#/parameters/oauth_token"
        },
        {
          "$ref": "#/parameters/bearer_token"
        }
      ],
      "post": {
        "description": "Creates a new function. If a function with the given name already exists in\nthe specified project, the long running operation will return\n`ALREADY_EXISTS` error.",
        "operationId": "cloudfunctions.projects.locations.functions.create",
        "parameters": [
          {
            "description": "The project and location in which the function should be created, specified\nin the format `projects/*/locations/*`",
            "in": "path",
            "name": "location",
            "required": true,
            "type": "string",
            "x-reservedExpansion": true
          },
          {
            "in": "body",
            "name": "body",
            "schema": {
              "$ref": "#/definitions/CloudFunction"
            }
          }
        ],
        "responses": {
          "200": {
            "description": "Successful response",
            "schema": {
              "$ref": "#/definitions/Operation"
            }
          }
        },
        "security": [
          {
            "Oauth2": [
              "https://www.googleapis.com/auth/cloud-platform"
            ],
            "Oauth2c": [
              "https://www.googleapis.com/auth/cloud-platform"
            ]
          }
        ],
        "tags": [
          "projects"
        ]
      }
    },
    "/v1beta2/{name}": {
      "delete": {
        "description": "Deletes a function with the given name from the specified project. If the\ngiven function is used by some trigger, the trigger will be updated to\nremove this function.",
        "operationId": "cloudfunctions.projects.locations.functions.delete",
        "parameters": [
          {
            "description": "The name of the function which should be deleted.",
            "in": "path",
            "name": "name",
            "required": true,
            "type": "string",
            "x-reservedExpansion": true
          }
        ],
        "responses": {
          "200": {
            "description": "Successful response",
            "schema": {
              "$ref": "#/definitions/Operation"
            }
          }
        },
        "security": [
          {
            "Oauth2": [
              "https://www.googleapis.com/auth/cloud-platform"
            ],
            "Oauth2c": [
              "https://www.googleapis.com/auth/cloud-platform"
            ]
          }
        ],
        "tags": [
          "projects"
        ]
      },
      "get": {
        "description": "Gets the latest state of a long-running operation.  Clients can use this\nmethod to poll the operation result at intervals as recommended by the API\nservice.",
        "operationId": "cloudfunctions.operations.get",
        "parameters": [
          {
            "description": "The name of the operation resource.",
            "in": "path",
            "name": "name",
            "required": true,
            "type": "string",
            "x-reservedExpansion": true
          }
        ],
        "responses": {
          "200": {
            "description": "Successful response",
            "schema": {
              "$ref": "#/definitions/Operation"
            }
          }
        },
        "security": [
          {
            "Oauth2": [
              "https://www.googleapis.com/auth/cloud-platform"
            ],
            "Oauth2c": [
              "https://www.googleapis.com/auth/cloud-platform"
            ]
          }
        ],
        "tags": [
          "operations"
        ]
      },
      "parameters": [
        {
          "$ref": "#/parameters/upload_protocol"
        },
        {
          "$ref": "#/parameters/prettyPrint"
        },
        {
          "$ref": "#/parameters/uploadType"
        },
        {
          "$ref": "#/parameters/fields"
        },
        {
          "$ref": "#/parameters/$.xgafv"
        },
        {
          "$ref": "#/parameters/callback"
        },
        {
          "$ref": "#/parameters/alt"
        },
        {
          "$ref": "#/parameters/key"
        },
        {
          "$ref": "#/parameters/access_token"
        },
        {
          "$ref": "#/parameters/quotaUser"
        },
        {
          "$ref": "#/parameters/pp"
        },
        {
          "$ref": "#/parameters/oauth_token"
        },
        {
          "$ref": "#/parameters/bearer_token"
        }
      ],
      "put": {
        "description": "Updates existing function.",
        "operationId": "cloudfunctions.projects.locations.functions.update",
        "parameters": [
          {
            "description": "The name of the function to be updated.",
            "in": "path",
            "name": "name",
            "required": true,
            "type": "string",
            "x-reservedExpansion": true
          },
          {
            "in": "body",
            "name": "body",
            "schema": {
              "$ref": "#/definitions/CloudFunction"
            }
          }
        ],
        "responses": {
          "200": {
            "description": "Successful response",
            "schema": {
              "$ref": "#/definitions/Operation"
            }
          }
        },
        "security": [
          {
            "Oauth2": [
              "https://www.googleapis.com/auth/cloud-platform"
            ],
            "Oauth2c": [
              "https://www.googleapis.com/auth/cloud-platform"
            ]
          }
        ],
        "tags": [
          "projects"
        ]
      }
    },
    "/v1beta2/{name}/locations": {
      "get": {
        "description": "Lists information about the supported locations for this service.",
        "operationId": "cloudfunctions.projects.locations.list",
        "parameters": [
          {
            "description": "The resource that owns the locations collection, if applicable.",
            "in": "path",
            "name": "name",
            "required": true,
            "type": "string",
            "x-reservedExpansion": true
          },
          {
            "description": "The standard list page token.",
            "in": "query",
            "name": "pageToken",
            "type": "string"
          },
          {
            "description": "The standard list page size.",
            "in": "query",
            "name": "pageSize",
            "type": "integer"
          },
          {
            "description": "The standard list filter.",
            "in": "query",
            "name": "filter",
            "type": "string"
          }
        ],
        "responses": {
          "200": {
            "description": "Successful response",
            "schema": {
              "$ref": "#/definitions/ListLocationsResponse"
            }
          }
        },
        "security": [
          {
            "Oauth2": [
              "https://www.googleapis.com/auth/cloud-platform"
            ],
            "Oauth2c": [
              "https://www.googleapis.com/auth/cloud-platform"
            ]
          }
        ],
        "tags": [
          "projects"
        ]
      },
      "parameters": [
        {
          "$ref": "#/parameters/upload_protocol"
        },
        {
          "$ref": "#/parameters/prettyPrint"
        },
        {
          "$ref": "#/parameters/uploadType"
        },
        {
          "$ref": "#/parameters/fields"
        },
        {
          "$ref": "#/parameters/$.xgafv"
        },
        {
          "$ref": "#/parameters/callback"
        },
        {
          "$ref": "#/parameters/alt"
        },
        {
          "$ref": "#/parameters/key"
        },
        {
          "$ref": "#/parameters/access_token"
        },
        {
          "$ref": "#/parameters/quotaUser"
        },
        {
          "$ref": "#/parameters/pp"
        },
        {
          "$ref": "#/parameters/oauth_token"
        },
        {
          "$ref": "#/parameters/bearer_token"
        }
      ]
    },
    "/v1beta2/{name}:call": {
      "parameters": [
        {
          "$ref": "#/parameters/upload_protocol"
        },
        {
          "$ref": "#/parameters/prettyPrint"
        },
        {
          "$ref": "#/parameters/uploadType"
        },
        {
          "$ref": "#/parameters/fields"
        },
        {
          "$ref": "#/parameters/$.xgafv"
        },
        {
          "$ref": "#/parameters/callback"
        },
        {
          "$ref": "#/parameters/alt"
        },
        {
          "$ref": "#/parameters/key"
        },
        {
          "$ref": "#/parameters/access_token"
        },
        {
          "$ref": "#/parameters/quotaUser"
        },
        {
          "$ref": "#/parameters/pp"
        },
        {
          "$ref": "#/parameters/oauth_token"
        },
        {
          "$ref": "#/parameters/bearer_token"
        }
      ],
      "post": {
        "description": "Invokes synchronously deployed function. To be used for testing, very\nlimited traffic allowed.",
        "operationId": "cloudfunctions.projects.locations.functions.call",
        "parameters": [
          {
            "description": "The name of the function to be called.",
            "in": "path",
            "name": "name",
            "required": true,
            "type": "string",
            "x-reservedExpansion": true
          },
          {
            "in": "body",
            "name": "body",
            "schema": {
              "$ref": "#/definitions/CallFunctionRequest"
            }
          }
        ],
        "responses": {
          "200": {
            "description": "Successful response",
            "schema": {
              "$ref": "#/definitions/CallFunctionResponse"
            }
          }
        },
        "security": [
          {
            "Oauth2": [
              "https://www.googleapis.com/auth/cloud-platform"
            ],
            "Oauth2c": [
              "https://www.googleapis.com/auth/cloud-platform"
            ]
          }
        ],
        "tags": [
          "projects"
        ]
      }
    }
  },
  "definitions": {
    "CallFunctionRequest": {
      "description": "Request for the `CallFunction` method.",
      "properties": {
        "data": {
          "description": "Input to be passed to the function.",
          "type": "string"
        }
      },
      "type": "object"
    },
    "CallFunctionResponse": {
      "description": "Response of `CallFunction` method.",
      "properties": {
        "error": {
          "description": "Either system or user-function generated error. Set if execution\nwas not successful.",
          "type": "string"
        },
        "executionId": {
          "description": "Execution id of function invocation.",
          "type": "string"
        },
        "result": {
          "description": "Result populated for successful execution of synchronous function. Will\nnot be populated if function does not return a result through context.",
          "type": "string"
        }
      },
      "type": "object"
    },
    "CloudFunction": {
      "description": "Describes a Cloud Function that contains user computation executed in\nresponse to an event. It encapsulate function and triggers configurations.",
      "properties": {
        "availableMemoryMb": {
          "description": "The amount of memory in MB available for a function.\nDefaults to 256MB.",
          "format": "int32",
          "type": "integer"
        },
        "entryPoint": {
          "description": "The name of the function (as defined in source code) that will be\nexecuted. Defaults to the resource name suffix, if not specified. For\nbackward compatibility, if function with given name is not found, then the\nsystem will try to use function named \"function\".\nFor Node.js this is name of a function exported by the module specified\nin `source_location`.",
          "type": "string"
        },
        "eventTrigger": {
          "$ref": "#/definitions/EventTrigger",
          "description": "A source that fires events in response to a condition in another service."
        },
        "httpsTrigger": {
          "$ref": "#/definitions/HTTPSTrigger",
          "description": "An HTTPS endpoint type of source that can be triggered via URL."
        },
        "latestOperation": {
          "description": "Output only. Name of the most recent operation modifying the function. If\nthe function status is `DEPLOYING` or `DELETING`, then it points to the\nactive operation.",
          "type": "string"
        },
        "name": {
          "description": "A user-defined name of the function. Function names must be unique\nglobally and match pattern `projects/*/locations/*/functions/*`",
          "type": "string"
        },
        "serviceAccount": {
          "description": "Output only. The service account of the function.",
          "type": "string"
        },
        "sourceArchiveUrl": {
          "description": "The URL, starting with gs://, pointing to the zip archive which contains\nthe function.",
          "type": "string"
        },
        "sourceRepository": {
          "$ref": "#/definitions/SourceRepository",
          "description": "The hosted repository where the function is defined."
        },
        "status": {
          "description": "Output only. Status of the function deployment.",
          "enum": [
            "STATUS_UNSPECIFIED",
            "READY",
            "FAILED",
            "DEPLOYING",
            "DELETING"
          ],
          "type": "string"
        },
        "timeout": {
          "description": "The function execution timeout. Execution is considered failed and\ncan be terminated if the function is not completed at the end of the\ntimeout period. Defaults to 60 seconds.",
          "format": "google-duration",
          "type": "string"
        },
        "updateTime": {
          "description": "Output only. The last update timestamp of a Cloud Function.",
          "format": "google-datetime",
          "type": "string"
        }
      },
      "type": "object"
    },
    "EventTrigger": {
      "description": "Describes EventTrigger, used to request events be sent from another\nservice.",
      "properties": {
        "eventType": {
          "description": "`event_type` names contain the service that is sending an event and the\nkind of event that was fired. Must be of the form\n`providers/*/eventTypes/*` e.g. Directly handle a Message published to\nGoogle Cloud Pub/Sub `providers/cloud.pubsub/eventTypes/topic.publish`\n\n     Handle an object changing in Google Cloud Storage\n     `providers/cloud.storage/eventTypes/object.change`\n\n     Handle a write to the Firebase Realtime Database\n     `providers/firebase.database/eventTypes/data.write`",
          "type": "string"
        },
        "resource": {
          "description": "Which instance of the source's service should send events. E.g. for Pub/Sub\nthis would be a Pub/Sub topic at `projects/*/topics/*`. For Google Cloud\nStorage this would be a bucket at `projects/*/buckets/*`. For any source\nthat only supports one instance per-project, this should be the name of the\nproject (`projects/*`)",
          "type": "string"
        }
      },
      "type": "object"
    },
    "HTTPSTrigger": {
      "description": "Describes HTTPSTrigger, could be used to connect web hooks to function.",
      "properties": {
        "url": {
          "description": "Output only. The deployed url for the function.",
          "type": "string"
        }
      },
      "type": "object"
    },
    "ListFunctionsResponse": {
      "description": "Response for the `ListFunctions` method.",
      "properties": {
        "functions": {
          "description": "The functions that match the request.",
          "items": {
            "$ref": "#/definitions/CloudFunction"
          },
          "type": "array"
        },
        "nextPageToken": {
          "description": "If not empty, indicates that there may be more functions that match\nthe request; this value should be passed in a new\ngoogle.cloud.functions.v1beta2.ListFunctionsRequest\nto get more functions.",
          "type": "string"
        }
      },
      "type": "object"
    },
    "ListLocationsResponse": {
      "description": "The response message for Locations.ListLocations.",
      "properties": {
        "locations": {
          "description": "A list of locations that matches the specified filter in the request.",
          "items": {
            "$ref": "#/definitions/Location"
          },
          "type": "array"
        },
        "nextPageToken": {
          "description": "The standard List next-page token.",
          "type": "string"
        }
      },
      "type": "object"
    },
    "Location": {
      "description": "A resource that represents Google Cloud Platform location.",
      "properties": {
        "labels": {
          "additionalProperties": {
            "type": "string"
          },
          "description": "Cross-service attributes for the location. For example\n\n    {\"cloud.googleapis.com/region\": \"us-east1\"}",
          "type": "object"
        },
        "locationId": {
          "description": "The canonical id for this location. For example: `\"us-east1\"`.",
          "type": "string"
        },
        "metadata": {
          "additionalProperties": {
            "description": "Properties of the object. Contains field @type with type URL."
          },
          "description": "Service-specific metadata. For example the available capacity at the given\nlocation.",
          "type": "object"
        },
        "name": {
          "description": "Resource name for the location, which may vary between implementations.\nFor example: `\"projects/example-project/locations/us-east1\"`",
          "type": "string"
        }
      },
      "type": "object"
    },
    "Operation": {
      "description": "This resource represents a long-running operation that is the result of a\nnetwork API call.",
      "properties": {
        "done": {
          "description": "If the value is `false`, it means the operation is still in progress.\nIf true, the operation is completed, and either `error` or `response` is\navailable.",
          "type": "boolean"
        },
        "error": {
          "$ref": "#/definitions/Status",
          "description": "The error result of the operation in case of failure or cancellation."
        },
        "metadata": {
          "additionalProperties": {
            "description": "Properties of the object. Contains field @type with type URL."
          },
          "description": "Service-specific metadata associated with the operation.  It typically\ncontains progress information and common metadata such as create time.\nSome services might not provide such metadata.  Any method that returns a\nlong-running operation should document the metadata type, if any.",
          "type": "object"
        },
        "name": {
          "description": "The server-assigned name, which is only unique within the same service that\noriginally returns it. If you use the default HTTP mapping, the\n`name` should have the format of `operations/some/unique/name`.",
          "type": "string"
        },
        "response": {
          "additionalProperties": {
            "description": "Properties of the object. Contains field @type with type URL."
          },
          "description": "The normal response of the operation in case of success.  If the original\nmethod returns no data on success, such as `Delete`, the response is\n`google.protobuf.Empty`.  If the original method is standard\n`Get`/`Create`/`Update`, the response should be the resource.  For other\nmethods, the response should have the type `XxxResponse`, where `Xxx`\nis the original method name.  For example, if the original method name\nis `TakeSnapshot()`, the inferred response type is\n`TakeSnapshotResponse`.",
          "type": "object"
        }
      },
      "type": "object"
    },
    "OperationMetadataV1Beta2": {
      "description": "Metadata describing an Operation",
      "properties": {
        "request": {
          "additionalProperties": {
            "description": "Properties of the object. Contains field @type with type URL."
          },
          "description": "The original request that started the operation.",
          "type": "object"
        },
        "target": {
          "description": "Target of the operation - for example\nprojects/project-1/locations/region-1/functions/function-1",
          "type": "string"
        },
        "type": {
          "description": "Type of operation.",
          "enum": [
            "OPERATION_UNSPECIFIED",
            "CREATE_FUNCTION",
            "UPDATE_FUNCTION",
            "DELETE_FUNCTION"
          ],
          "type": "string"
        }
      },
      "type": "object"
    },
    "SourceRepository": {
      "description": "Describes the location of the function source in a remote repository.",
      "properties": {
        "branch": {
          "description": "The name of the branch from which the function should be fetched.",
          "type": "string"
        },
        "deployedRevision": {
          "description": "Output only. The id of the revision that was resolved at the moment of\nfunction creation or update. For example when a user deployed from a\nbranch, it will be the revision id of the latest change on this branch at\nthat time. If user deployed from revision then this value will be always\nequal to the revision specified by the user.",
          "type": "string"
        },
        "repositoryUrl": {
          "description": "URL to the hosted repository where the function is defined. Only paths in\nhttps://source.developers.google.com domain are supported. The path should\ncontain the name of the repository.",
          "type": "string"
        },
        "revision": {
          "description": "The id of the revision that captures the state of the repository from\nwhich the function should be fetched.",
          "type": "string"
        },
        "sourcePath": {
          "description": "The path within the repository where the function is defined. The path\nshould point to the directory where Cloud Functions files are located. Use\n\"/\" if the function is defined directly in the root directory of a\nrepository.",
          "type": "string"
        },
        "tag": {
          "description": "The name of the tag that captures the state of the repository from\nwhich the function should be fetched.",
          "type": "string"
        }
      },
      "type": "object"
    },
    "Status": {
      "description": "The `Status` type defines a logical error model that is suitable for different\nprogramming environments, including REST APIs and RPC APIs. It is used by\n[gRPC](https://github.com/grpc). The error model is designed to be:\n\n- Simple to use and understand for most users\n- Flexible enough to meet unexpected needs\n\n# Overview\n\nThe `Status` message contains three pieces of data: error code, error message,\nand error details. The error code should be an enum value of\ngoogle.rpc.Code, but it may accept additional error codes if needed.  The\nerror message should be a developer-facing English message that helps\ndevelopers *understand* and *resolve* the error. If a localized user-facing\nerror message is needed, put the localized message in the error details or\nlocalize it in the client. The optional error details may contain arbitrary\ninformation about the error. There is a predefined set of error detail types\nin the package `google.rpc` which can be used for common error conditions.\n\n# Language mapping\n\nThe `Status` message is the logical representation of the error model, but it\nis not necessarily the actual wire format. When the `Status` message is\nexposed in different client libraries and different wire protocols, it can be\nmapped differently. For example, it will likely be mapped to some exceptions\nin Java, but more likely mapped to some error codes in C.\n\n# Other uses\n\nThe error model and the `Status` message can be used in a variety of\nenvironments, either with or without APIs, to provide a\nconsistent developer experience across different environments.\n\nExample uses of this error model include:\n\n- Partial errors. If a service needs to return partial errors to the client,\n    it may embed the `Status` in the normal response to indicate the partial\n    errors.\n\n- Workflow errors. A typical workflow has multiple steps. Each step may\n    have a `Status` message for error reporting purpose.\n\n- Batch operations. If a client uses batch request and batch response, the\n    `Status` message should be used directly inside batch response, one for\n    each error sub-response.\n\n- Asynchronous operations. If an API call embeds asynchronous operation\n    results in its response, the status of those operations should be\n    represented directly using the `Status` message.\n\n- Logging. If some API errors are stored in logs, the message `Status` could\n    be used directly after any stripping needed for security/privacy reasons.",
      "properties": {
        "code": {
          "description": "The status code, which should be an enum value of google.rpc.Code.",
          "format": "int32",
          "type": "integer"
        },
        "details": {
          "description": "A list of messages that carry the error details.  There will be a\ncommon set of message types for APIs to use.",
          "items": {
            "additionalProperties": {
              "description": "Properties of the object. Contains field @type with type URL."
            },
            "type": "object"
          },
          "type": "array"
        },
        "message": {
          "description": "A developer-facing error message, which should be in English. Any\nuser-facing error message should be localized and sent in the\ngoogle.rpc.Status.details field, or localized by the client.",
          "type": "string"
        }
      },
      "type": "object"
    }
  }
}
