{
  "swagger": "2.0",
  "schemes": [
    "https"
  ],
  "host": "api.netatmo.net",
  "basePath": "/api",
  "info": {
    "contact": {
      "email": "contact-api@netatmo.com",
      "name": "Netatmo"
    },
    "description": "<h3>Welcome to the Netatmo swagger on-line documentation !</h3>This site is a complement to the official <a href=\"https://dev.netatmo.com/\">Netatmo developper documentation</a> using swagger to bring interactivity and easy testing of requests with the \"try it\" button (authenticate with the authorization code 0Auth2 flow by clicking the authenticate button in the methods). You can find the source code for this site can be found in the project <a href=\"https://github.com/cbornet/netatmo-swagger-ui\">netatmo-swagger-ui</a>. You can also use the online <a href=\"./swagger.json\">swagger declaration</a> file to generate code or static documentation (see <a href=\"https://github.com/cbornet/netatmo-swagger-api\">netatmo-swagger-api</a>).",
    "license": {
      "name": "Netatmo : Terms of Service",
      "url": "https://dev.netatmo.com/dev/resources/legal/introduction"
    },
    "termsOfService": "https://dev.netatmo.com/dev/resources/legal/introduction",
    "title": "Netatmo",
    "version": "1.1.0",
    "x-apiClientRegistration": {
      "url": "https://dev.netatmo.com/dev/createanapp"
    },
    "x-apisguru-categories": [
      "iot"
    ],
    "x-logo": {
      "url": "https://api.apis.guru/v2/cache/logo/https_dev.netatmo.com_images_common_netatmo-connect-horiz.png"
    },
    "x-origin": [
      {
        "format": "swagger",
        "url": "https://raw.githubusercontent.com/cbornet/netatmo-swagger-decl/master/swagger.json",
        "version": "2.0"
      }
    ],
    "x-preferred": true,
    "x-providerName": "netatmo.net",
    "x-unofficialSpec": true
  },
  "externalDocs": {
    "description": "Netatmo reference API documentation",
    "url": "https://dev.netatmo.com/dev/resources/technical/reference"
  },
  "consumes": [
    "text/plain"
  ],
  "produces": [
    "application/json"
  ],
  "securityDefinitions": {
    "code_oauth": {
      "authorizationUrl": "https://api.netatmo.net/oauth2/authorize",
      "flow": "accessCode",
      "scopes": {
        "access_camera": "Access welcome camera",
        "read_camera": "Read welcome camera's data",
        "read_station": "Read weather station's data",
        "read_thermostat": "Read thermostat's data",
        "write_camera": "Write welcome camera's data",
        "write_thermostat": "Configure the thermostat"
      },
      "tokenUrl": "https://api.netatmo.net/oauth2/token",
      "type": "oauth2"
    },
    "password_oauth": {
      "flow": "password",
      "scopes": {},
      "tokenUrl": "https://api.netatmo.net/oauth2/token",
      "type": "oauth2"
    }
  },
  "tags": [
    {
      "description": "Weather station specific methods",
      "name": "station"
    },
    {
      "description": "Thermostat specific methods",
      "name": "thermostat"
    },
    {
      "description": "Welcome specific methods",
      "name": "welcome"
    },
    {
      "description": "Public stations specific methods",
      "name": "public"
    },
    {
      "description": "Partner API specific methods",
      "name": "partner"
    }
  ],
  "paths": {
    "/addwebhook": {
      "get": {
        "deprecated": false,
        "description": "Links a callback url to a user.\n",
        "operationId": "addwebhook",
        "parameters": [
          {
            "description": "Your webhook callback url",
            "in": "query",
            "name": "url",
            "required": true,
            "type": "string"
          },
          {
            "description": "Webhooks are only available for Welcome, enter app_camera.",
            "in": "query",
            "name": "app_type",
            "required": true,
            "type": "string"
          }
        ],
        "responses": {
          "200": {
            "description": "Successful response",
            "schema": {
              "$ref": "#/definitions/NAWelcomeWebhookResponse"
            }
          }
        },
        "security": [
          {
            "code_oauth": []
          },
          {
            "password_oauth": []
          }
        ],
        "tags": [
          "welcome"
        ]
      }
    },
    "/createnewschedule": {
      "post": {
        "description": "The method createnewschedule creates a new schedule stored in the backup list.",
        "operationId": "createnewschedule",
        "parameters": [
          {
            "description": "The relay id",
            "in": "query",
            "name": "device_id",
            "required": true,
            "type": "string"
          },
          {
            "description": "The thermostat id",
            "in": "query",
            "name": "module_id",
            "required": true,
            "type": "string"
          },
          {
            "description": "The thermostat program (zones and timetable)",
            "in": "body",
            "name": "therm_program",
            "required": true,
            "schema": {
              "$ref": "#/definitions/NAThermProgram"
            }
          }
        ],
        "responses": {
          "200": {
            "description": "Successful response",
            "schema": {
              "$ref": "#/definitions/NANewScheduleResponse"
            }
          }
        },
        "security": [
          {
            "code_oauth": [
              "write_thermostat"
            ]
          },
          {
            "password_oauth": []
          }
        ],
        "tags": [
          "thermostat"
        ]
      }
    },
    "/devicelist": {
      "get": {
        "deprecated": true,
        "description": "The method devicelist returns the list of devices owned by the user, and their modules.\nA device is identified by its _id (which is its mac address) and each device may have one, several or no modules, also identified by an _id.\n",
        "operationId": "devicelist",
        "parameters": [
          {
            "description": "Defines which device type will be returned by devicelist. It could be app_thermostat or app_station (by default if not provided)",
            "enum": [
              "app_thermostat",
              "app_station"
            ],
            "in": "query",
            "name": "app_type",
            "required": false,
            "type": "string"
          },
          {
            "description": "Specify a device_id if you want to retrieve only this device informations.",
            "in": "query",
            "name": "device_id",
            "required": false,
            "type": "string"
          },
          {
            "description": "When set to \"true\", the favorite devices of the user are returned. This flag is available only if the devices requested are Weather Stations.",
            "in": "query",
            "name": "get_favorites",
            "required": false,
            "type": "boolean"
          }
        ],
        "responses": {
          "200": {
            "description": "Successful response",
            "schema": {
              "$ref": "#/definitions/NADeviceListResponse"
            }
          }
        },
        "security": [
          {
            "code_oauth": [
              "read_thermostat",
              "read_station"
            ]
          },
          {
            "password_oauth": []
          }
        ],
        "tags": [
          "station",
          "thermostat",
          "partner"
        ]
      }
    },
    "/dropwebhook": {
      "get": {
        "deprecated": false,
        "description": "Dissociates a webhook from a user.\n",
        "operationId": "dropwebhook",
        "parameters": [
          {
            "description": "For Welcome, use app_camera",
            "in": "query",
            "name": "app_type",
            "required": true,
            "type": "string"
          }
        ],
        "responses": {
          "200": {
            "description": "Successful response",
            "schema": {
              "$ref": "#/definitions/NAWelcomeWebhookResponse"
            }
          }
        },
        "security": [
          {
            "code_oauth": []
          },
          {
            "password_oauth": []
          }
        ],
        "tags": [
          "welcome"
        ]
      }
    },
    "/getcamerapicture": {
      "get": {
        "deprecated": false,
        "description": "Returns the snapshot associated to an event.\n",
        "operationId": "getcamerapicture",
        "parameters": [
          {
            "description": "id of the image (can be retrieved as 'id' in 'face' in Gethomedata, or as 'id' in 'snapshot' in Getnextevents, Getlasteventof and Geteventsuntil)",
            "in": "query",
            "name": "image_id",
            "required": true,
            "type": "string"
          },
          {
            "description": "Security key to access snapshots.",
            "in": "query",
            "name": "key",
            "required": true,
            "type": "string"
          }
        ],
        "responses": {
          "200": {
            "description": "Successful response",
            "schema": {
              "format": "byte",
              "type": "string"
            }
          }
        },
        "security": [
          {
            "code_oauth": []
          },
          {
            "password_oauth": []
          }
        ],
        "tags": [
          "welcome"
        ]
      }
    },
    "/geteventsuntil": {
      "get": {
        "deprecated": false,
        "description": "Returns the snapshot associated to an event.\n",
        "operationId": "geteventsuntil",
        "parameters": [
          {
            "description": "ID of the Home you're interested in",
            "in": "query",
            "name": "home_id",
            "required": true,
            "type": "string"
          },
          {
            "description": "Your request will retrieve all the events until this one",
            "in": "query",
            "name": "event_id",
            "required": true,
            "type": "string"
          }
        ],
        "responses": {
          "200": {
            "description": "Successful response",
            "schema": {
              "$ref": "#/definitions/NAWelcomeEventsResponse"
            }
          }
        },
        "security": [
          {
            "code_oauth": [
              "access_camera",
              "read_camera"
            ]
          },
          {
            "password_oauth": []
          }
        ],
        "tags": [
          "welcome"
        ]
      }
    },
    "/gethomedata": {
      "get": {
        "deprecated": false,
        "description": "Returns information about users homes and cameras.\n",
        "operationId": "gethomedata",
        "parameters": [
          {
            "description": "Specify if you're looking for the events of a specific Home.",
            "in": "query",
            "name": "home_id",
            "required": false,
            "type": "string"
          },
          {
            "description": "Number of events to retrieve. Default is 30.",
            "in": "query",
            "name": "size",
            "required": false,
            "type": "integer"
          }
        ],
        "responses": {
          "200": {
            "description": "Successful response",
            "schema": {
              "$ref": "#/definitions/NAWelcomeHomeDataResponse"
            }
          }
        },
        "security": [
          {
            "code_oauth": [
              "access_camera",
              "read_camera"
            ]
          },
          {
            "password_oauth": []
          }
        ],
        "tags": [
          "welcome"
        ]
      }
    },
    "/getlasteventof": {
      "get": {
        "deprecated": false,
        "description": "Returns most recent events.\n",
        "operationId": "getlasteventof",
        "parameters": [
          {
            "description": "ID of the Home you're interested in",
            "in": "query",
            "name": "home_id",
            "required": true,
            "type": "string"
          },
          {
            "description": "Your request will retrieve all events of the given home until the most recent event of the given person",
            "in": "query",
            "name": "person_id",
            "required": true,
            "type": "string"
          },
          {
            "description": "Number of events to retrieve. Default is 30.",
            "in": "query",
            "name": "offset",
            "required": false,
            "type": "integer"
          }
        ],
        "responses": {
          "200": {
            "description": "Successful response",
            "schema": {
              "$ref": "#/definitions/NAWelcomeEventsResponse"
            }
          }
        },
        "security": [
          {
            "code_oauth": [
              "access_camera",
              "read_camera"
            ]
          },
          {
            "password_oauth": []
          }
        ],
        "tags": [
          "welcome"
        ]
      }
    },
    "/getmeasure": {
      "get": {
        "description": "The method getmeasure returns the measurements of a device or a module.\n",
        "operationId": "getmeasure",
        "parameters": [
          {
            "description": "Id of the device whose module's measurements you want to retrieve. This _id can be found in the user's devices field.",
            "in": "query",
            "name": "device_id",
            "required": true,
            "type": "string"
          },
          {
            "description": "If you don't specify any module_id you will retrieve the device's measurements. If you specify a module_id you will retrieve the module's measurements.",
            "in": "query",
            "name": "module_id",
            "required": false,
            "type": "string"
          },
          {
            "description": "Defines the time interval between two measurements.\nPossible values :\nmax -> every value stored will be returned\n30min -> 1 value every 30 minutes\n1hour -> 1 value every hour\n3hours -> 1 value every 3 hours\n1day -> 1 value per day\n1week -> 1 value per week\n1month -> 1 value per month\n",
            "enum": [
              "max",
              "30min",
              "1hour",
              "3hours",
              "1day",
              "1week",
              "1month"
            ],
            "in": "query",
            "name": "scale",
            "required": true,
            "type": "string"
          },
          {
            "collectionFormat": "csv",
            "description": "Sets the type of measurement you want to retrieve.\nThe different types of measurements must be given in a comma separated list of strings.\nExample: type=\"Temperature,Humidity\"\nDepending on the device's type and the scale, different measurements are available:\nFor Weather Station :\n\n  max -> Temperature, CO2, Humidity, Pressure, Noise, Rain (if\nmodule_id is a rain sensor)\n\n  30min, 1hour, 3hours -> Temperature, CO2, Humidity, Pressure,\nNoise, min_temp, max_temp, min_hum, max_hum, min_pressure, max_pressure, min_noise, max_noise, sum_rain (if module_id is a rain sensor)\n\n  1day, 1week, 1month -> Temperature, Co2, Humidity, Pressure, Noise,\nmin_temp, date_min_temp, max_temp, date_max_temp, min_hum, date_min_hum, max_hum, date_max_hum, min_pressure, date_min_pressure, max_pressure, date_max_pressure, min_noise, date_min_noise, max_noise, date_max_noise, date_min_co2, date_max_co2, sum_rain (if module_id is a rain sensor)\nPlease note, the measurements sent in the response will be in the same order as in this list.\nAll measurements are expressed in metric units:\n\n  Temperature: Celsius\n\n  Humidity: %\n\n  Co2: ppm\n\n  Pressure: mbar\n\n  Noise: db\n\n  Rain: mm\n\nFor Thermostat:\n\n  max -> Temperature, Sp_Temperature, BoilerOn, BoilerOff\n\n  30min, 1hour, 3hours -> Temperature, Sp_Temperature, min_temp,\nmax_temp, sum_boiler_on, sum_boiler_off\n\n  1day, 1week, 1month -> Temperature, min_temp, date_min_temp,\nmax_temp, sum_boiler_on, sum_boiler_off\n\n  where\n\nTemperature: Celsius\n\n  Sp_Temperature (temperature setpoint): Celsius\n\n  BoilerOn: Duration, since the previous data point, during which the\nboiler has been on (in seconds)\n\n  BoilerOff : Duration, since the previous data point, during which\nthe boiler has been off (in seconds).\n\n  sum_boiler_on: Total duration during which the boiler has been on,\nat a specific scale (in seconds).\n\n  sum_boiler_off: Total duration during which the boiler has been\noff, at a specific scale (in seconds).\n",
            "in": "query",
            "items": {
              "enum": [
                "Temperature",
                "CO2",
                "Humidity",
                "Pressure",
                "Noise",
                "Rain",
                "Sp_Temperature",
                "BoilerOn",
                "BoilerOff",
                "min_temp",
                "date_min_temp",
                "max_temp",
                "date_max_temp",
                "min_hum",
                "date_min_hum",
                "max_hum",
                "date_max_hum",
                "min_pressure",
                "date_min_pressure",
                "max_pressure",
                "date_max_pressure",
                "min_noise",
                "date_min_noise",
                "max_noise",
                "date_max_noise",
                "date_min_co2",
                "date_max_co2",
                "sum_rain",
                "sum_boiler_on",
                "sum_boiler_off"
              ],
              "type": "string"
            },
            "name": "type",
            "required": true,
            "type": "array"
          },
          {
            "description": "Starting timestamp (utc) of the requested measurements.\nPlease note measurement retrieving is limited to 1024 measurements. \n",
            "format": "int32",
            "in": "query",
            "name": "date_begin",
            "required": false,
            "type": "integer"
          },
          {
            "description": "Ending timestamp (utc) of the request measurements.\nIf you want only the last measurement, do not provide date_begin, and set date_end to \"last\". \n",
            "in": "query",
            "name": "date_end",
            "required": false,
            "type": "string"
          },
          {
            "description": "Limits the number of measurements returned (default & max is 1024)",
            "format": "int32",
            "in": "query",
            "maximum": 1024,
            "name": "limit",
            "required": false,
            "type": "integer"
          },
          {
            "description": "Allows you to choose the format of the answer.\nIf you build a mobile app and bandwith usage is an issue, use optimize = true.\nUse optimize = false, for an easier parse. In this case, values are indexed by sorted timestamp.\nExample of un-optimized response :\n{\"status\": \"ok\", \n  \"body\": {\n    \"1347575400\": [18.3,39],\n    \"1347586200\": [20.6,48]\n  },\n\"time_exec\": 0.012136936187744}\nIf optimize is set true, measurements are returned as an array of series of regularly spaced measurements. Each series is defined by a beginning time beg_time and a step between measurements, step_time:\n{\"status\": \"ok\",\n  \"body\": [\n    {\"beg_time\": 1347575400,\n     \"step_time\": 10800,\n     \"value\": \n        [[18.3,39],\n        [ 20.6,48]]\n    }],\n\"time_exec\": 0.014238119125366}\nDefault value is true.\n",
            "in": "query",
            "name": "optimize",
            "required": false,
            "type": "boolean"
          },
          {
            "description": "In scales higher than max, since the data is aggregated, the timestamps returned are by default offset by +(scale/2).\nFor instance, if you ask for measurements at a daily scale, you will receive data timestamped at 12:00 if real_time is set to false (default case), and timestamped at 00:00 if real_time is set to true.\nNB : The servers always store data with real_time set to true and data are offset by this parameter AFTER having being time-filtered, thus you could have data after date_end if real_time is set to false.\n",
            "in": "query",
            "name": "real_time",
            "required": false,
            "type": "boolean"
          }
        ],
        "responses": {
          "200": {
            "description": "Successful response",
            "schema": {
              "$ref": "#/definitions/NAMeasureResponse"
            }
          }
        },
        "security": [
          {
            "code_oauth": [
              "read_thermostat",
              "read_station"
            ]
          },
          {
            "password_oauth": []
          }
        ],
        "tags": [
          "station",
          "thermostat",
          "partner",
          "public"
        ]
      }
    },
    "/getnextevents": {
      "get": {
        "deprecated": false,
        "description": "Returns previous events.\n",
        "operationId": "getnextevents",
        "parameters": [
          {
            "description": "ID of the Home you're interested in",
            "in": "query",
            "name": "home_id",
            "required": true,
            "type": "string"
          },
          {
            "description": "Your request will retrieve events occured before this one",
            "in": "query",
            "name": "event_id",
            "required": true,
            "type": "string"
          },
          {
            "description": "Number of events to retrieve. Default is 30.",
            "in": "query",
            "name": "size",
            "required": false,
            "type": "integer"
          }
        ],
        "responses": {
          "200": {
            "description": "Successful response",
            "schema": {
              "$ref": "#/definitions/NAWelcomeEventsResponse"
            }
          }
        },
        "security": [
          {
            "code_oauth": [
              "access_camera",
              "read_camera"
            ]
          },
          {
            "password_oauth": []
          }
        ],
        "tags": [
          "welcome"
        ]
      }
    },
    "/getstationsdata": {
      "get": {
        "description": "The method getstationsdata Returns data from a user Weather Stations (measures and device specific data).",
        "operationId": "getstationsdata",
        "parameters": [
          {
            "description": "Id of the device you want to retrieve information of",
            "in": "query",
            "name": "device_id",
            "required": false,
            "type": "string"
          }
        ],
        "responses": {
          "200": {
            "description": "Successful response",
            "schema": {
              "$ref": "#/definitions/NAStationDataResponse"
            }
          }
        },
        "tags": [
          "station"
        ]
      }
    },
    "/getthermostatsdata": {
      "get": {
        "description": "The method getthermostatsdata returns information about user's thermostats such as their last measurements.",
        "operationId": "getthermostatsdata",
        "parameters": [
          {
            "description": "Id of the device you want to retrieve information of",
            "in": "query",
            "name": "device_id",
            "required": false,
            "type": "string"
          }
        ],
        "responses": {
          "200": {
            "description": "Successful response",
            "schema": {
              "$ref": "#/definitions/NAThermostatDataResponse"
            }
          }
        },
        "tags": [
          "thermostat"
        ]
      }
    },
    "/getthermstate": {
      "get": {
        "deprecated": true,
        "description": "The method getthermstate returns the last Thermostat measurements, its current weekly schedule, and, if present, its current manual temperature setpoint.",
        "operationId": "getthermstate",
        "parameters": [
          {
            "description": "The relay id",
            "in": "query",
            "name": "device_id",
            "required": true,
            "type": "string"
          },
          {
            "description": "The thermostat id",
            "in": "query",
            "name": "module_id",
            "required": true,
            "type": "string"
          }
        ],
        "responses": {
          "200": {
            "description": "Successful response",
            "schema": {
              "$ref": "#/definitions/NAThermStateResponse"
            }
          }
        },
        "security": [
          {
            "code_oauth": [
              "read_thermostat"
            ]
          },
          {
            "password_oauth": []
          }
        ],
        "tags": [
          "thermostat",
          "partner"
        ]
      }
    },
    "/getuser": {
      "get": {
        "deprecated": true,
        "description": "The method getuser returns information about a user such as prefered language, prefered units, and list of devices.\n",
        "operationId": "getuser",
        "responses": {
          "200": {
            "description": "Successful response",
            "schema": {
              "$ref": "#/definitions/NAUserResponse"
            }
          }
        },
        "security": [
          {
            "code_oauth": []
          },
          {
            "password_oauth": []
          }
        ],
        "tags": [
          "station",
          "thermostat"
        ]
      }
    },
    "/partnerdevices": {
      "get": {
        "description": "The method partnerdevices returns the list of device_id to which your partner application has access to.",
        "operationId": "partnerdevices",
        "responses": {
          "200": {
            "description": "Successful response",
            "schema": {
              "$ref": "#/definitions/NAPartnerDevicesResponse"
            }
          }
        },
        "security": [
          {
            "code_oauth": []
          },
          {
            "password_oauth": []
          }
        ],
        "tags": [
          "partner"
        ]
      }
    },
    "/setpersonsaway": {
      "get": {
        "deprecated": false,
        "description": "Sets a person as 'Away' or the Home as 'Empty'. The event will be added to the user’s timeline.\n",
        "operationId": "setpersonsaway",
        "parameters": [
          {
            "description": "ID of the Home you're interested in",
            "in": "query",
            "name": "home_id",
            "required": true,
            "type": "string"
          },
          {
            "description": "If a person_id is specified, that person will be set as 'Away'. If no person_id is specified, the Home will be set as 'Empty'.",
            "in": "query",
            "name": "person_id",
            "required": false,
            "type": "string"
          }
        ],
        "responses": {
          "200": {
            "description": "Successful response",
            "schema": {
              "$ref": "#/definitions/NAWelcomePersonsAwayResponse"
            }
          }
        },
        "security": [
          {
            "code_oauth": [
              "write_camera"
            ]
          },
          {
            "password_oauth": []
          }
        ],
        "tags": [
          "welcome"
        ]
      }
    },
    "/setthermpoint": {
      "post": {
        "description": "The method setthermpoint changes the Thermostat manual temperature setpoint.",
        "operationId": "setthermpoint",
        "parameters": [
          {
            "description": "The relay id",
            "in": "query",
            "name": "device_id",
            "required": true,
            "type": "string"
          },
          {
            "description": "The thermostat id",
            "in": "query",
            "name": "module_id",
            "required": true,
            "type": "string"
          },
          {
            "description": "Chosen setpoint_mode",
            "enum": [
              "program",
              "away",
              "hg",
              "manual",
              "off",
              "max"
            ],
            "in": "query",
            "name": "setpoint_mode",
            "required": true,
            "type": "string"
          },
          {
            "description": "When using the manual or max setpoint_mode, this parameter defines when the setpoint expires.",
            "format": "int32",
            "in": "query",
            "name": "setpoint_endtime",
            "required": false,
            "type": "integer"
          },
          {
            "description": "When using the manual setpoint_mode, this parameter defines the temperature setpoint (in Celcius) to use.",
            "format": "float",
            "in": "query",
            "name": "setpoint_temp",
            "required": false,
            "type": "number"
          }
        ],
        "responses": {
          "200": {
            "description": "Successful response",
            "schema": {
              "$ref": "#/definitions/NAOkResponse"
            }
          }
        },
        "security": [
          {
            "code_oauth": [
              "write_thermostat"
            ]
          },
          {
            "password_oauth": []
          }
        ],
        "tags": [
          "thermostat"
        ]
      }
    },
    "/switchschedule": {
      "post": {
        "description": "The method switchschedule switches the Thermostat's schedule to another existing schedule.",
        "operationId": "switchschedule",
        "parameters": [
          {
            "description": "The relay id",
            "in": "query",
            "name": "device_id",
            "required": true,
            "type": "string"
          },
          {
            "description": "The thermostat id",
            "in": "query",
            "name": "module_id",
            "required": true,
            "type": "string"
          },
          {
            "description": "The schedule id. It can be found in the getthermstate response, under the keys \"therm_program_backup\" and \"therm_program\".\n",
            "in": "query",
            "name": "schedule_id",
            "required": true,
            "type": "string"
          }
        ],
        "responses": {
          "200": {
            "description": "Successful response",
            "schema": {
              "$ref": "#/definitions/NAOkResponse"
            }
          }
        },
        "security": [
          {
            "code_oauth": [
              "write_thermostat"
            ]
          },
          {
            "password_oauth": []
          }
        ],
        "tags": [
          "thermostat"
        ]
      }
    },
    "/syncschedule": {
      "post": {
        "description": "The method syncschedule changes the Thermostat weekly schedule.",
        "operationId": "syncschedule",
        "parameters": [
          {
            "description": "The relay id",
            "in": "query",
            "name": "device_id",
            "required": true,
            "type": "string"
          },
          {
            "description": "The thermostat id",
            "in": "query",
            "name": "module_id",
            "required": true,
            "type": "string"
          },
          {
            "description": "The thermostat program (zones, timetable and name)",
            "in": "body",
            "name": "therm_program",
            "required": true,
            "schema": {
              "$ref": "#/definitions/NAThermProgram"
            }
          }
        ],
        "responses": {
          "200": {
            "description": "Successful response",
            "schema": {
              "$ref": "#/definitions/NAOkResponse"
            }
          }
        },
        "security": [
          {
            "code_oauth": [
              "write_thermostat"
            ]
          },
          {
            "password_oauth": []
          }
        ],
        "tags": [
          "thermostat"
        ]
      }
    }
  },
  "definitions": {
    "NADashboardData": {
      "properties": {
        "AbsolutePressure": {
          "description": "Real measured pressure @ time_utc (in mb)",
          "format": "float",
          "type": "number"
        },
        "BoilerOff": {
          "format": "int32",
          "type": "integer"
        },
        "BoilerOn": {
          "format": "int32",
          "type": "integer"
        },
        "CO2": {
          "description": "Last Co2 measured @ time_utc (in ppm)",
          "format": "float",
          "type": "number"
        },
        "GustAngle": {
          "description": "Direction of the last 5 min highest gust wind",
          "format": "int32",
          "type": "integer"
        },
        "GustStrength": {
          "description": "Speed of the last 5 min highest gust wind",
          "format": "int32",
          "type": "integer"
        },
        "Humidity": {
          "description": "Last humidity measured @ time_utc (in %)",
          "format": "float",
          "type": "number"
        },
        "Noise": {
          "description": "Last noise measured @ time_utc (in db)",
          "format": "float",
          "type": "number"
        },
        "Pressure": {
          "description": "Last Sea level pressure measured @ time_utc (in mb)",
          "format": "float",
          "type": "number"
        },
        "Rain": {
          "description": "Last rain measured (in mm)",
          "format": "float",
          "type": "number"
        },
        "Temperature": {
          "description": "Last temperature measure @ time_utc (in °C)",
          "format": "float",
          "type": "number"
        },
        "WindAngle": {
          "description": "Current 5 min average wind direction measured @ time_utc (in °)",
          "format": "int32",
          "type": "integer"
        },
        "WindStrength": {
          "description": "Current 5 min average wind speed measured @ time_utc (in km/h)",
          "format": "int32",
          "type": "integer"
        },
        "date_max_temp": {
          "description": "Timestamp when max temperature was measured",
          "format": "int32",
          "type": "integer"
        },
        "date_min_temp": {
          "description": "Timestamp when min temperature was measured",
          "format": "int32",
          "type": "integer"
        },
        "device_id": {
          "format": "float",
          "type": "number"
        },
        "max_temp": {
          "description": "Min temperature of the day (measured @ date_min_temp)",
          "format": "float",
          "type": "number"
        },
        "min_temp": {
          "description": "Max temperature of the day (measured @ date_max_temp)",
          "format": "float",
          "type": "number"
        },
        "sum_rain_1": {
          "description": "Amount of rain in last hour",
          "format": "float",
          "type": "number"
        },
        "sum_rain_24": {
          "description": "Amount of rain today",
          "format": "float",
          "type": "number"
        },
        "time_utc": {
          "format": "int32",
          "type": "integer"
        }
      }
    },
    "NADate": {
      "properties": {
        "sec": {
          "format": "int32",
          "type": "integer"
        },
        "usec": {
          "format": "int32",
          "type": "integer"
        }
      }
    },
    "NADevice": {
      "properties": {
        "_id": {
          "type": "string"
        },
        "behavior": {
          "format": "int32",
          "type": "integer"
        },
        "cipher_id": {
          "type": "string"
        },
        "dashboard_data": {
          "$ref": "#/definitions/NADashboardData",
          "description": "It contains all the measurements that can be displayed on the dashboard"
        },
        "data_type": {
          "items": {
            "type": "string"
          },
          "type": "array"
        },
        "date_setup": {
          "$ref": "#/definitions/NADate"
        },
        "firmware": {
          "format": "int32",
          "type": "integer"
        },
        "first_pid_avail": {
          "type": "boolean"
        },
        "heating_system": {
          "$ref": "#/definitions/NAHeatingSystem"
        },
        "house_model": {
          "$ref": "#/definitions/NAHouseModel"
        },
        "hw_version": {
          "format": "int32",
          "type": "integer"
        },
        "ip": {
          "type": "string"
        },
        "last_fw_update": {
          "format": "int32",
          "type": "integer"
        },
        "last_radio_store": {
          "format": "int32",
          "type": "integer"
        },
        "last_status_store": {
          "format": "int32",
          "type": "integer"
        },
        "last_upgrade": {
          "format": "int32",
          "type": "integer"
        },
        "module_name": {
          "type": "string"
        },
        "modules": {
          "description": "It lists which modules are linked with this device",
          "items": {
            "type": "string"
          },
          "type": "array"
        },
        "new_feature_avail": {
          "type": "boolean"
        },
        "place": {
          "$ref": "#/definitions/NAPlace"
        },
        "public_ext_data": {
          "type": "boolean"
        },
        "setpoint": {
          "type": "object"
        },
        "setpoint_default_duration": {
          "format": "int32",
          "type": "integer"
        },
        "setpoint_order": {
          "additionalProperties": {
            "items": {
              "$ref": "#/definitions/NAObject"
            },
            "type": "array"
          },
          "type": "object"
        },
        "station_name": {
          "type": "string"
        },
        "therm_program": {
          "additionalProperties": {
            "$ref": "#/definitions/NAThermProgram"
          },
          "type": "object"
        },
        "therm_program_backup": {
          "additionalProperties": {
            "items": {
              "$ref": "#/definitions/NAThermProgram"
            },
            "type": "array"
          },
          "type": "object"
        },
        "therm_program_order": {
          "additionalProperties": {
            "items": {
              "$ref": "#/definitions/NAObject"
            },
            "type": "array"
          },
          "type": "object"
        },
        "type": {
          "description": "Included in every device or module. It defines the type of the device/module. Its values are among :\nNAMain : for the base station\nNAModule1 : for the outdoor module\nNAModule4 : for the additionnal indoor module\nNAModule3 : for the rain gauge module\nNAPlug : for the thermostat relay/plug\nNATherm1 : for the thermostat module\n",
          "type": "string"
        },
        "udp_conn": {
          "type": "boolean"
        },
        "user_owner": {
          "items": {
            "type": "string"
          },
          "type": "array"
        },
        "wifi_status": {
          "description": "It contains the current wifi status. The different thresholds to take into account are\nRSSI_THRESHOLD_0 = 86 bad signal\nRSSI_THRESHOLD_1 = 71 middle quality signal\nRSSI_THRESHOLD_2 = 56 good signal\n",
          "format": "int32",
          "type": "integer"
        }
      }
    },
    "NADeviceListBody": {
      "properties": {
        "devices": {
          "items": {
            "$ref": "#/definitions/NADevice"
          },
          "type": "array"
        },
        "modules": {
          "items": {
            "$ref": "#/definitions/NAModule"
          },
          "type": "array"
        }
      }
    },
    "NADeviceListResponse": {
      "properties": {
        "body": {
          "$ref": "#/definitions/NADeviceListBody"
        },
        "status": {
          "type": "string"
        },
        "time_exec": {
          "format": "double",
          "type": "number"
        },
        "time_server": {
          "format": "int32",
          "type": "integer"
        }
      }
    },
    "NAHeatingSystem": {
      "properties": {
        "heating_energy": {
          "type": "string"
        },
        "heating_system_window_seen": {
          "type": "boolean"
        }
      }
    },
    "NAHouseModel": {
      "properties": {
        "algo_type": {
          "type": "string"
        },
        "ca": {
          "$ref": "#/definitions/NAHouseModelCa"
        },
        "ext_temps": {
          "additionalProperties": {
            "format": "int32",
            "type": "integer"
          },
          "type": "object"
        },
        "first_anticipate_avail": {
          "type": "boolean"
        },
        "first_pid_avail": {
          "type": "boolean"
        },
        "gefs": {
          "$ref": "#/definitions/NAStation"
        },
        "in_use": {
          "type": "string"
        },
        "last_compute_try": {
          "$ref": "#/definitions/NADate"
        },
        "link_station": {
          "$ref": "#/definitions/NALinkStation"
        },
        "pid_algo": {
          "$ref": "#/definitions/NAPidAlgo"
        },
        "prefered_algo_type": {
          "type": "string"
        },
        "simple_algo": {
          "$ref": "#/definitions/NASimpleAlgo"
        },
        "station": {
          "$ref": "#/definitions/NAStation"
        },
        "station_firsttime_anticipate": {
          "type": "boolean"
        },
        "time": {
          "$ref": "#/definitions/NADate"
        },
        "time_algo_changed": {
          "format": "int32",
          "type": "integer"
        },
        "time_pid_computed": {
          "format": "int32",
          "type": "integer"
        }
      }
    },
    "NAHouseModelCa": {
      "properties": {
        "so": {
          "type": "string"
        },
        "te": {
          "format": "double",
          "type": "number"
        },
        "ti": {
          "format": "int32",
          "type": "integer"
        }
      }
    },
    "NALinkStation": {
      "properties": {
        "Temperature": {
          "format": "float",
          "type": "number"
        },
        "ext": {
          "type": "string"
        },
        "mac": {
          "type": "string"
        }
      }
    },
    "NAMain": {
      "properties": {
        "_id": {
          "type": "string"
        },
        "cipher_id": {
          "type": "string"
        },
        "co2_calibrating": {
          "type": "boolean"
        },
        "dashboard_data": {
          "$ref": "#/definitions/NADashboardData",
          "description": "It contains all the measurements that can be displayed on the dashboard"
        },
        "data_type": {
          "items": {
            "type": "string"
          },
          "type": "array"
        },
        "date_setup": {
          "format": "int32",
          "type": "integer"
        },
        "firmware": {
          "format": "int32",
          "type": "integer"
        },
        "last_setup": {
          "format": "int32",
          "type": "integer"
        },
        "last_status_store": {
          "format": "int32",
          "type": "integer"
        },
        "last_upgrade": {
          "format": "int32",
          "type": "integer"
        },
        "module_name": {
          "type": "string"
        },
        "modules": {
          "items": {
            "$ref": "#/definitions/NAStationModule"
          },
          "type": "array"
        },
        "place": {
          "$ref": "#/definitions/NAPlace"
        },
        "station_name": {
          "type": "string"
        },
        "type": {
          "description": "Included in every device or module. It defines the type of the device/module. Its values are among :\nNAMain : for the base station\nNAModule1 : for the outdoor module\nNAModule4 : for the additionnal indoor module\nNAModule3 : for the rain gauge module\nNAPlug : for the thermostat relay/plug\nNATherm1 : for the thermostat module\n",
          "type": "string"
        },
        "wifi_status": {
          "description": "It contains the current wifi status. The different thresholds to take into account are\nRSSI_THRESHOLD_0 = 86 bad signal\nRSSI_THRESHOLD_1 = 71 middle quality signal\nRSSI_THRESHOLD_2 = 56 good signal\n",
          "format": "int32",
          "type": "integer"
        }
      }
    },
    "NAMeasureBodyElem": {
      "properties": {
        "beg_time": {
          "format": "int32",
          "type": "integer"
        },
        "step_time": {
          "format": "int32",
          "type": "integer"
        },
        "value": {
          "items": {
            "items": {
              "format": "float",
              "type": "number"
            },
            "type": "array"
          },
          "type": "array"
        }
      }
    },
    "NAMeasureResponse": {
      "properties": {
        "body": {
          "items": {
            "$ref": "#/definitions/NAMeasureBodyElem"
          },
          "type": "array"
        },
        "status": {
          "type": "string"
        },
        "time_exec": {
          "format": "double",
          "type": "number"
        },
        "time_server": {
          "format": "int32",
          "type": "integer"
        }
      }
    },
    "NAModule": {
      "properties": {
        "_id": {
          "type": "string"
        },
        "battery_vp": {
          "description": "It contains the current battery status. The threshold depends on the kind of module, below is the list of the different threshold to take into account according the module type.\n\"Indoor module Battery range: 6000 ... 4200\" |\nINDOOR_BATTERY_LEVEL_FULL = 5640\nINDOOR_BATTERY_LEVEL_HIGH = 5280\nINDOOR_BATTERY_LEVEL_MEDIUM = 4920\nINDOOR_BATTERY_LEVEL_LOW = 4560\n\"Below 4560: very low\" |\n  \n\"Raingauge and outdoor module Battery range: 6000 ... 3600\" |\nBATTERY_LEVEL_FULL = 5500\nBATTERY_LEVEL_HIGH = 5000\nBATTERY_LEVEL_MEDIUM = 4500\nBATTERY_LEVEL_LOW = 4000\n\"Below 4000: very low\" |\n  \n\"Thermostat Battery range: 4500 ... 3000\" |\nTHERMOSTAT_BATTERY_LEVEL_FULL = 4100\nTHERMOSTAT_BATTERY_LEVEL_HIGH = 3600\nTHERMOSTAT_BATTERY_LEVEL_MEDIUM = 3300\nTHERMOSTAT_BATTERY_LEVEL_LOW = 3000\n\"Below 3000: very low\"\n",
          "format": "int32",
          "type": "integer"
        },
        "dashboard_data": {
          "$ref": "#/definitions/NADashboardData",
          "description": "It contains all the measurements that can be displayed on the dashboard"
        },
        "data_type": {
          "items": {
            "type": "string"
          },
          "type": "array"
        },
        "date_setup": {
          "$ref": "#/definitions/NADate"
        },
        "firmware": {
          "format": "int32",
          "type": "integer"
        },
        "last_message": {
          "format": "int32",
          "type": "integer"
        },
        "last_seen": {
          "format": "int32",
          "type": "integer"
        },
        "main_device": {
          "type": "string"
        },
        "module_name": {
          "type": "string"
        },
        "public_ext_data": {
          "type": "boolean"
        },
        "rf_status": {
          "description": "\"It contains the current radio status. The different thresholds to take into account are :\" |\nRADIO_THRESHOLD_SIGNAL_LOW = 90 \nRADIO_THRESHOLD_SIGNAL_MEDIUM = 80\nRADIO_THRESHOLD_SIGNAL_HIGH = 70\nRADIO_THRESHOLD_SIGNAL_FULL = 60\n",
          "format": "int32",
          "type": "integer"
        },
        "therm_orientation": {
          "format": "int32",
          "type": "integer"
        },
        "therm_relay_cmd": {
          "format": "int32",
          "type": "integer"
        },
        "type": {
          "description": "Included in every device or module. It defines the type of the device/module. Its values are among :\nNAMain : for the base station\nNAModule1 : for the outdoor module\nNAModule4 : for the additionnal indoor module\nNAModule3 : for the rain gauge module\nNAPlug : for the thermostat relay/plug\nNATherm1 : for the thermostat module\n",
          "type": "string"
        }
      }
    },
    "NANewScheduleBody": {
      "properties": {
        "schedule_id": {
          "description": "Id of the schedule. It can be use with the method \"switchschedule\" \n",
          "type": "string"
        }
      }
    },
    "NANewScheduleResponse": {
      "properties": {
        "body": {
          "$ref": "#/definitions/NANewScheduleBody"
        },
        "status": {
          "type": "string"
        },
        "time_exec": {
          "format": "double",
          "type": "number"
        },
        "time_server": {
          "format": "int32",
          "type": "integer"
        }
      }
    },
    "NAObject": {
      "properties": {
        "$id": {
          "type": "string"
        }
      }
    },
    "NAOkResponse": {
      "properties": {
        "body": {
          "type": "string"
        },
        "status": {
          "type": "string"
        },
        "time_exec": {
          "format": "double",
          "type": "number"
        },
        "time_server": {
          "format": "int32",
          "type": "integer"
        }
      }
    },
    "NAPartnerDevicesResponse": {
      "properties": {
        "body": {
          "items": {
            "type": "string"
          },
          "type": "array"
        },
        "status": {
          "type": "string"
        },
        "time_exec": {
          "format": "double",
          "type": "number"
        },
        "time_server": {
          "format": "int32",
          "type": "integer"
        }
      }
    },
    "NAPidAlgo": {
      "properties": {
        "gain": {
          "format": "int32",
          "type": "integer"
        },
        "period": {
          "format": "int32",
          "type": "integer"
        },
        "td": {
          "format": "int32",
          "type": "integer"
        },
        "ti": {
          "format": "int32",
          "type": "integer"
        }
      }
    },
    "NAPlace": {
      "properties": {
        "altitude": {
          "format": "float",
          "type": "number"
        },
        "city": {
          "type": "string"
        },
        "country": {
          "type": "string"
        },
        "from_ip": {
          "type": "boolean"
        },
        "improveLocProposed": {
          "type": "boolean"
        },
        "location": {
          "items": {
            "format": "double",
            "type": "number"
          },
          "type": "array"
        },
        "timezone": {
          "type": "string"
        },
        "trust_location": {
          "type": "boolean"
        }
      }
    },
    "NAPlug": {
      "properties": {
        "_id": {
          "type": "string"
        },
        "firmware": {
          "format": "int32",
          "type": "integer"
        },
        "last_bilan": {
          "$ref": "#/definitions/NAYearMonth"
        },
        "last_plug_seen": {
          "format": "int32",
          "type": "integer"
        },
        "last_status_store": {
          "format": "int32",
          "type": "integer"
        },
        "modules": {
          "items": {
            "$ref": "#/definitions/NAThermostat"
          },
          "type": "array"
        },
        "place": {
          "$ref": "#/definitions/NAPlace"
        },
        "plug_connected_boiler": {
          "type": "boolean"
        },
        "station_name": {
          "type": "string"
        },
        "syncing": {
          "type": "boolean"
        },
        "type": {
          "description": "Included in every device or module. It defines the type of the device/module. Its values are among :\nNAMain : for the base station\nNAModule1 : for the outdoor module\nNAModule4 : for the additionnal indoor module\nNAModule3 : for the rain gauge module\nNAPlug : for the thermostat relay/plug\nNATherm1 : for the thermostat module\n",
          "type": "string"
        },
        "udp_conn": {
          "type": "boolean"
        },
        "wifi_status": {
          "description": "It contains the current wifi status. The different thresholds to take into account are\nRSSI_THRESHOLD_0 = 86 bad signal\nRSSI_THRESHOLD_1 = 71 middle quality signal\nRSSI_THRESHOLD_2 = 56 good signal\n",
          "format": "int32",
          "type": "integer"
        }
      }
    },
    "NASetpoint": {
      "properties": {
        "setpoint_endtime": {
          "format": "int32",
          "type": "integer"
        },
        "setpoint_mode": {
          "type": "string"
        },
        "setpoint_temp": {
          "format": "float",
          "type": "number"
        }
      }
    },
    "NASetpointLog": {
      "properties": {
        "setpoint": {
          "$ref": "#/definitions/NASetpoint"
        },
        "timestamp": {
          "format": "int64",
          "type": "integer"
        }
      }
    },
    "NASimpleAlgo": {
      "properties": {
        "high_deadband": {
          "format": "int32",
          "type": "integer"
        }
      }
    },
    "NAStation": {
      "properties": {
        "lag_down": {
          "format": "int32",
          "type": "integer"
        },
        "lag_up": {
          "format": "int32",
          "type": "integer"
        },
        "off_overshoot": {
          "format": "float",
          "type": "number"
        },
        "on_overshoot": {
          "format": "float",
          "type": "number"
        },
        "pk": {
          "format": "int32",
          "type": "integer"
        },
        "tau": {
          "format": "int32",
          "type": "integer"
        }
      }
    },
    "NAStationDataBody": {
      "properties": {
        "devices": {
          "items": {
            "$ref": "#/definitions/NAMain"
          },
          "type": "array"
        },
        "user": {
          "$ref": "#/definitions/NAUser"
        }
      }
    },
    "NAStationDataResponse": {
      "properties": {
        "body": {
          "$ref": "#/definitions/NAStationDataBody"
        },
        "status": {
          "type": "string"
        },
        "time_exec": {
          "format": "double",
          "type": "number"
        },
        "time_server": {
          "format": "int32",
          "type": "integer"
        }
      }
    },
    "NAStationModule": {
      "properties": {
        "_id": {
          "type": "string"
        },
        "battery_percent": {
          "description": "It contains the current battery level in percentage.",
          "format": "int32",
          "type": "integer"
        },
        "battery_vp": {
          "description": "It contains the current battery status. The threshold depends on the kind of module, below is the list of the different threshold to take into account according the module type.\n\"Indoor module Battery range: 6000 ... 4200\" |\nINDOOR_BATTERY_LEVEL_FULL = 5640\nINDOOR_BATTERY_LEVEL_HIGH = 5280\nINDOOR_BATTERY_LEVEL_MEDIUM = 4920\nINDOOR_BATTERY_LEVEL_LOW = 4560\n\"Below 4560: very low\" |\n  \n\"Raingauge and outdoor module Battery range: 6000 ... 3600\" |\nBATTERY_LEVEL_FULL = 5500\nBATTERY_LEVEL_HIGH = 5000\nBATTERY_LEVEL_MEDIUM = 4500\nBATTERY_LEVEL_LOW = 4000\n\"Below 4000: very low\" |\n  \n\"Thermostat Battery range: 4500 ... 3000\" |\nTHERMOSTAT_BATTERY_LEVEL_FULL = 4100\nTHERMOSTAT_BATTERY_LEVEL_HIGH = 3600\nTHERMOSTAT_BATTERY_LEVEL_MEDIUM = 3300\nTHERMOSTAT_BATTERY_LEVEL_LOW = 3000\n\"Below 3000: very low\"\n",
          "format": "int32",
          "type": "integer"
        },
        "dashboard_data": {
          "$ref": "#/definitions/NADashboardData",
          "description": "It contains all the measurements that can be displayed on the dashboard"
        },
        "data_type": {
          "items": {
            "type": "string"
          },
          "type": "array"
        },
        "firmware": {
          "format": "int32",
          "type": "integer"
        },
        "last_message": {
          "format": "int32",
          "type": "integer"
        },
        "last_seen": {
          "format": "int32",
          "type": "integer"
        },
        "last_setup": {
          "format": "int32",
          "type": "integer"
        },
        "module_name": {
          "type": "string"
        },
        "rf_status": {
          "description": "\"It contains the current radio status. The different thresholds to take into account are :\" |\nRADIO_THRESHOLD_SIGNAL_LOW = 90 \nRADIO_THRESHOLD_SIGNAL_MEDIUM = 80\nRADIO_THRESHOLD_SIGNAL_HIGH = 70\nRADIO_THRESHOLD_SIGNAL_FULL = 60\n",
          "format": "int32",
          "type": "integer"
        },
        "type": {
          "description": "Included in every device or module. It defines the type of the device/module. Its values are among :\nNAMain : for the base station\nNAModule1 : for the outdoor module\nNAModule4 : for the additionnal indoor module\nNAModule3 : for the rain gauge module\nNAPlug : for the thermostat relay/plug\nNATherm1 : for the thermostat module\n",
          "type": "string"
        }
      }
    },
    "NAThermMeasure": {
      "properties": {
        "setpoint_temp": {
          "format": "float",
          "type": "number"
        },
        "temperature": {
          "format": "float",
          "type": "number"
        },
        "time": {
          "format": "int32",
          "type": "integer"
        }
      }
    },
    "NAThermProgram": {
      "properties": {
        "name": {
          "type": "string"
        },
        "program_id": {
          "type": "string"
        },
        "selected": {
          "type": "boolean"
        },
        "timetable": {
          "items": {
            "$ref": "#/definitions/NATimeTableItem"
          },
          "type": "array"
        },
        "zones": {
          "items": {
            "$ref": "#/definitions/NAZone"
          },
          "type": "array"
        }
      }
    },
    "NAThermStateBody": {
      "properties": {
        "battery_vp": {
          "format": "int32",
          "type": "integer"
        },
        "last_plug_seen": {
          "format": "int32",
          "type": "integer"
        },
        "last_therm_seen": {
          "format": "int32",
          "type": "integer"
        },
        "measured": {
          "$ref": "#/definitions/NAThermMeasure"
        },
        "plug_connected_boiler": {
          "type": "boolean"
        },
        "rf_status": {
          "format": "int32",
          "type": "integer"
        },
        "setpoint": {
          "$ref": "#/definitions/NASetpoint"
        },
        "setpoint_order": {
          "$ref": "#/definitions/NASetpoint"
        },
        "therm_orientation": {
          "format": "int32",
          "type": "integer"
        },
        "therm_program": {
          "$ref": "#/definitions/NAThermProgram"
        },
        "therm_program_backup": {
          "items": {
            "$ref": "#/definitions/NAThermProgram"
          },
          "type": "array"
        },
        "therm_program_order": {
          "$ref": "#/definitions/NAThermProgram"
        },
        "therm_relay_cmd": {
          "format": "int32",
          "type": "integer"
        },
        "udp_conn": {
          "type": "boolean"
        },
        "wifi_status": {
          "format": "int32",
          "type": "integer"
        }
      }
    },
    "NAThermStateResponse": {
      "properties": {
        "body": {
          "$ref": "#/definitions/NAThermStateBody"
        },
        "status": {
          "type": "string"
        },
        "time_exec": {
          "format": "double",
          "type": "number"
        },
        "time_server": {
          "format": "int32",
          "type": "integer"
        }
      }
    },
    "NAThermostat": {
      "properties": {
        "_id": {
          "type": "string"
        },
        "battery_vp": {
          "description": "It contains the current battery status. The threshold depends on the kind of module, below is the list of the different threshold to take into account according the module type.\n\"Indoor module Battery range: 6000 ... 4200\" |\nINDOOR_BATTERY_LEVEL_FULL = 5640\nINDOOR_BATTERY_LEVEL_HIGH = 5280\nINDOOR_BATTERY_LEVEL_MEDIUM = 4920\nINDOOR_BATTERY_LEVEL_LOW = 4560\n\"Below 4560: very low\" |\n  \n\"Raingauge and outdoor module Battery range: 6000 ... 3600\" |\nBATTERY_LEVEL_FULL = 5500\nBATTERY_LEVEL_HIGH = 5000\nBATTERY_LEVEL_MEDIUM = 4500\nBATTERY_LEVEL_LOW = 4000\n\"Below 4000: very low\" |\n  \n\"Thermostat Battery range: 4500 ... 3000\" |\nTHERMOSTAT_BATTERY_LEVEL_FULL = 4100\nTHERMOSTAT_BATTERY_LEVEL_HIGH = 3600\nTHERMOSTAT_BATTERY_LEVEL_MEDIUM = 3300\nTHERMOSTAT_BATTERY_LEVEL_LOW = 3000\n\"Below 3000: very low\"\n",
          "format": "int32",
          "type": "integer"
        },
        "firmware": {
          "format": "int32",
          "type": "integer"
        },
        "last_message": {
          "format": "int32",
          "type": "integer"
        },
        "last_therm_seen": {
          "format": "int32",
          "type": "integer"
        },
        "measured": {
          "$ref": "#/definitions/NAThermMeasure",
          "description": "It contains the last measurements of the Thermostat"
        },
        "module_name": {
          "type": "string"
        },
        "rf_status": {
          "description": "\"It contains the current radio status. The different thresholds to take into account are :\" |\nRADIO_THRESHOLD_SIGNAL_LOW = 90 \nRADIO_THRESHOLD_SIGNAL_MEDIUM = 80\nRADIO_THRESHOLD_SIGNAL_HIGH = 70\nRADIO_THRESHOLD_SIGNAL_FULL = 60\n",
          "format": "int32",
          "type": "integer"
        },
        "setpoint": {
          "$ref": "#/definitions/NASetpoint",
          "description": "Setpoint currently in use by the Thermostat."
        },
        "setpoint_history": {
          "description": "The last 20 setpoints (mode, endtime, and timestamp) the thermostats has entered.",
          "items": {
            "$ref": "#/definitions/NASetpointLog"
          },
          "type": "array"
        },
        "setpoint_order": {
          "$ref": "#/definitions/NASetpoint"
        },
        "therm_orientation": {
          "format": "int32",
          "type": "integer"
        },
        "therm_program_list": {
          "description": "List of the weekly heating planning used by the thermostat",
          "items": {
            "$ref": "#/definitions/NAThermProgram"
          },
          "type": "array"
        },
        "therm_relay_cmd": {
          "format": "int32",
          "type": "integer"
        },
        "type": {
          "description": "Included in every device or module. It defines the type of the device/module. Its values are among :\nNAMain : for the base station\nNAModule1 : for the outdoor module\nNAModule4 : for the additionnal indoor module\nNAModule3 : for the rain gauge module\nNAPlug : for the thermostat relay/plug\nNATherm1 : for the thermostat module\n",
          "type": "string"
        }
      }
    },
    "NAThermostatDataBody": {
      "properties": {
        "devices": {
          "items": {
            "$ref": "#/definitions/NAPlug"
          },
          "type": "array"
        },
        "user": {
          "$ref": "#/definitions/NAUser"
        }
      }
    },
    "NAThermostatDataResponse": {
      "properties": {
        "body": {
          "$ref": "#/definitions/NAThermostatDataBody"
        },
        "status": {
          "type": "string"
        },
        "time_exec": {
          "format": "double",
          "type": "number"
        },
        "time_server": {
          "format": "int32",
          "type": "integer"
        }
      }
    },
    "NATimeTableItem": {
      "properties": {
        "id": {
          "format": "int32",
          "type": "integer"
        },
        "m_offset": {
          "format": "int32",
          "type": "integer"
        }
      }
    },
    "NAUser": {
      "properties": {
        "_id": {
          "type": "string"
        },
        "administrative": {
          "$ref": "#/definitions/NAUserAdministrative",
          "description": "Contains administrative information related to the user"
        },
        "date_creation": {
          "$ref": "#/definitions/NADate"
        },
        "devices": {
          "description": "An array of string containing the ids of the devices owned by the user",
          "items": {
            "type": "string"
          },
          "type": "array"
        },
        "friend_devices": {
          "description": "An array of string containing the ids of the devices on which the user has a \"guest\" access\n",
          "items": {
            "type": "string"
          },
          "type": "array"
        },
        "mail": {
          "type": "string"
        },
        "timeline_not_read": {
          "format": "int32",
          "type": "integer"
        },
        "timeline_size": {
          "format": "int32",
          "type": "integer"
        }
      }
    },
    "NAUserAdministrative": {
      "properties": {
        "country": {
          "description": "user country",
          "type": "string"
        },
        "feel_like_algo": {
          "description": "algorithm used to compute feel like temperature, 0 -> humidex, 1 -> heat-index",
          "type": "string"
        },
        "lang": {
          "description": "user locale",
          "type": "string"
        },
        "pressureunit": {
          "description": "0 -> mbar, 1 -> inHg, 2 -> mmHg",
          "type": "string"
        },
        "reg_locale": {
          "description": "user regional preferences (used for displaying date)",
          "type": "string"
        },
        "unit": {
          "description": "0 -> metric system, 1 -> imperial system",
          "type": "string"
        },
        "windunit": {
          "description": "0 -> kph, 1 -> mph, 2 -> ms, 3 -> beaufort, 4 -> knot",
          "type": "string"
        }
      }
    },
    "NAUserResponse": {
      "properties": {
        "body": {
          "$ref": "#/definitions/NAUser"
        },
        "status": {
          "type": "string"
        },
        "time_exec": {
          "format": "double",
          "type": "number"
        },
        "time_server": {
          "format": "int32",
          "type": "integer"
        }
      }
    },
    "NAWelcomeCameras": {
      "properties": {
        "alim_status": {
          "description": "If power supply is ok (on/off)",
          "type": "string"
        },
        "id": {
          "description": "Id of the camera",
          "type": "string"
        },
        "is_local": {
          "description": "Only for scope access_camera. If Camera and application requesting the information are on the same IP (true/false)",
          "type": "boolean"
        },
        "name": {
          "description": "Name of the camera",
          "type": "string"
        },
        "sd_status": {
          "description": "If SD card status is ok (on/off)",
          "type": "string"
        },
        "status": {
          "description": "If camera is monitoring (on/off)",
          "type": "string"
        },
        "type": {
          "description": "Type of the camera",
          "type": "string"
        },
        "vpn_url": {
          "description": "Only for scope access_camera. Address of the camera",
          "type": "string"
        }
      }
    },
    "NAWelcomeEvents": {
      "properties": {
        "camera_id": {
          "description": "Camera that detected the event",
          "type": "string"
        },
        "id": {
          "description": "Identifier of the event",
          "type": "string"
        },
        "is_arrival": {
          "description": "If person was considered away before being seen during this event",
          "type": "boolean"
        },
        "message": {
          "description": "User facing event description",
          "type": "string"
        },
        "person_id": {
          "description": "Id of the person the event is about (if any)",
          "type": "string"
        },
        "snapshot": {
          "$ref": "#/definitions/NAWelcomeSnapshot",
          "description": "Snapshot id, version and key. (Used in Getcamerapicture)"
        },
        "sub_type": {
          "description": "Subtypes of SD and Alim events. Go to Welcome page for further details.",
          "format": "int32",
          "type": "integer"
        },
        "time": {
          "description": "Time of occurence of event",
          "format": "int32",
          "type": "integer"
        },
        "type": {
          "description": "Type of events. Go to the Welcome page for further details.",
          "type": "string"
        },
        "video_id": {
          "description": "Identifier of the video",
          "type": "string"
        },
        "video_status": {
          "description": "Status of the video (recording, deleted or available)",
          "type": "string"
        }
      }
    },
    "NAWelcomeEventsData": {
      "properties": {
        "events_list": {
          "items": {
            "$ref": "#/definitions/NAWelcomeEvents"
          },
          "type": "array"
        }
      }
    },
    "NAWelcomeEventsResponse": {
      "properties": {
        "body": {
          "$ref": "#/definitions/NAWelcomeEventsData"
        },
        "status": {
          "type": "string"
        },
        "time_exec": {
          "format": "double",
          "type": "number"
        },
        "time_server": {
          "format": "int32",
          "type": "integer"
        }
      }
    },
    "NAWelcomeFace": {
      "properties": {
        "id": {
          "description": "Id of the face.",
          "type": "string"
        },
        "key": {
          "description": "Key for this face to use in getcamerapicture.",
          "type": "string"
        },
        "version": {
          "description": "Version of the face if user changed their photo.",
          "format": "int32",
          "type": "integer"
        }
      }
    },
    "NAWelcomeGlobalInfo": {
      "properties": {
        "show_tags": {
          "description": "show tags",
          "type": "boolean"
        }
      }
    },
    "NAWelcomeHomeData": {
      "properties": {
        "global_info": {
          "$ref": "#/definitions/NAWelcomeGlobalInfo"
        },
        "homes": {
          "items": {
            "$ref": "#/definitions/NAWelcomeHomes"
          },
          "type": "array"
        },
        "user": {
          "$ref": "#/definitions/NAWelcomeUser"
        }
      }
    },
    "NAWelcomeHomeDataResponse": {
      "properties": {
        "body": {
          "$ref": "#/definitions/NAWelcomeHomeData"
        },
        "status": {
          "type": "string"
        },
        "time_exec": {
          "format": "double",
          "type": "number"
        },
        "time_server": {
          "format": "int32",
          "type": "integer"
        }
      }
    },
    "NAWelcomeHomes": {
      "properties": {
        "cameras": {
          "items": {
            "$ref": "#/definitions/NAWelcomeCameras"
          },
          "type": "array"
        },
        "events": {
          "items": {
            "$ref": "#/definitions/NAWelcomeEvents"
          },
          "type": "array"
        },
        "id": {
          "description": "Id of the home.",
          "type": "string"
        },
        "modules": {
          "items": {
            "$ref": "#/definitions/NAWelcomeModules"
          },
          "type": "array"
        },
        "name": {
          "description": "Name of the home",
          "type": "string"
        },
        "persons": {
          "items": {
            "$ref": "#/definitions/NAWelcomePersons"
          },
          "type": "array"
        },
        "place": {
          "$ref": "#/definitions/NAWelcomePlace"
        }
      }
    },
    "NAWelcomeModules": {
      "properties": {
        "battery_percent": {
          "description": "remaining battery percentage",
          "format": "int32",
          "type": "integer"
        },
        "id": {
          "description": "mac address of the module",
          "type": "string"
        },
        "last_activity": {
          "description": "Timestamp of last move detected by the module",
          "format": "int32",
          "type": "integer"
        },
        "name": {
          "description": "name of the module (given by the user)",
          "type": "string"
        },
        "rf": {
          "description": "Radio status",
          "type": "string"
        },
        "status": {
          "description": "status of the module",
          "type": "string"
        },
        "type": {
          "description": "NACamDoorTag for tags",
          "type": "string"
        }
      }
    },
    "NAWelcomePersons": {
      "properties": {
        "face": {
          "$ref": "#/definitions/NAWelcomeFace"
        },
        "id": {
          "description": "Id of the person.",
          "type": "string"
        },
        "last_seen": {
          "description": "Time at which the person was last seen.",
          "format": "int32",
          "type": "integer"
        },
        "out_of_sight": {
          "description": "True if the Person is out of sight.",
          "type": "boolean"
        },
        "pseudo": {
          "description": "Name of the person, if pseudo is missing, person is unknown.",
          "type": "string"
        }
      }
    },
    "NAWelcomePersonsAwayResponse": {
      "properties": {
        "status": {
          "type": "string"
        },
        "time_exec": {
          "format": "double",
          "type": "number"
        },
        "time_server": {
          "format": "int32",
          "type": "integer"
        }
      }
    },
    "NAWelcomePlace": {
      "properties": {
        "city": {
          "description": "City of the home.",
          "type": "string"
        },
        "country": {
          "description": "Country of the home.",
          "type": "string"
        },
        "timezone": {
          "description": "Timezone of the home.",
          "type": "string"
        }
      }
    },
    "NAWelcomeSnapshot": {
      "properties": {
        "id": {
          "description": "Id of the snapshot.",
          "type": "string"
        },
        "key": {
          "description": "Key for this snapshot.",
          "type": "string"
        },
        "version": {
          "description": "Version of the snapshot.",
          "format": "int32",
          "type": "integer"
        }
      }
    },
    "NAWelcomeUser": {
      "properties": {
        "lang": {
          "description": "user locale",
          "type": "string"
        },
        "reg_locale": {
          "description": "user regional preferences (used for displaying date)",
          "type": "string"
        }
      }
    },
    "NAWelcomeWebhookResponse": {
      "properties": {
        "status": {
          "type": "string"
        },
        "time_exec": {
          "format": "double",
          "type": "number"
        }
      }
    },
    "NAYearMonth": {
      "properties": {
        "m": {
          "format": "int32",
          "type": "integer"
        },
        "y": {
          "format": "int32",
          "type": "integer"
        }
      }
    },
    "NAZone": {
      "properties": {
        "id": {
          "format": "int32",
          "type": "integer"
        },
        "name": {
          "type": "string"
        },
        "temp": {
          "format": "float",
          "type": "number"
        },
        "type": {
          "format": "int32",
          "type": "integer"
        }
      }
    }
  }
}
