{
  "swagger": "2.0",
  "schemes": [
    "http"
  ],
  "host": "api.oceandrivers.com",
  "basePath": "/",
  "info": {
    "contact": {
      "email": "matiasbonet@oceandrivers.com"
    },
    "description": "This is the api to access the ODWeather API information",
    "title": "ODWeather",
    "version": "1.0",
    "x-apisguru-categories": [
      "open_data"
    ],
    "x-origin": [
      {
        "converter": {
          "url": "https://github.com/lucybot/api-spec-converter",
          "version": "2.0.1"
        },
        "format": "swagger",
        "url": "http://api.oceandrivers.com/static/resources.json",
        "version": "1.2"
      }
    ],
    "x-preferred": true,
    "x-providerName": "oceandrivers.com"
  },
  "produces": [
    "application/json",
    "text/html"
  ],
  "tags": [
    {
      "description": "ODWeather API service",
      "name": "ODWeather"
    }
  ],
  "paths": {
    "/v1.0/compareStation/{stationName}/": {
      "get": {
        "description": "Get forecast and realtime information for known points<br/>None",
        "operationId": "compareStation",
        "parameters": [
          {
            "default": "cnarenal",
            "description": "Weather station to compare, values: cnareanl|cmsap|boyaenderrocat|areopuertopalma",
            "in": "path",
            "name": "stationName",
            "required": true,
            "type": "string"
          }
        ],
        "responses": {
          "200": {
            "description": "No response was specified"
          }
        },
        "tags": [
          "ODWeather"
        ]
      }
    },
    "/v1.0/getAemetStation/{stationName}/{period}/": {
      "get": {
        "description": "Get data from the aemet stations<br/>None",
        "operationId": "getAemetStation",
        "parameters": [
          {
            "default": "aeropuertopalma",
            "description": "station name currently: aeropuertopalma | caboblanco ",
            "in": "path",
            "name": "stationName",
            "required": true,
            "type": "string"
          },
          {
            "default": "lastdata",
            "description": "Period of time to get the data. Options: lastdata lastday",
            "in": "path",
            "name": "period",
            "required": true,
            "type": "string"
          }
        ],
        "responses": {
          "200": {
            "description": "No response was specified"
          }
        },
        "tags": [
          "ODWeather"
        ]
      }
    },
    "/v1.0/getForecastPoints/{yatchclubid}/language/{language}": {
      "get": {
        "description": "Get forecast points of a yatchclub<br/>None",
        "operationId": "getForecastPoints",
        "parameters": [
          {
            "default": "cnarenal",
            "description": "base URL for the the",
            "in": "path",
            "name": "yatchclubid",
            "required": true,
            "type": "string"
          },
          {
            "in": "path",
            "name": "language",
            "required": true,
            "type": "string"
          }
        ],
        "responses": {
          "200": {
            "description": "No response was specified"
          }
        },
        "tags": [
          "ODWeather"
        ]
      }
    },
    "/v1.0/getForecastTimeSeries/{latitude}/{longitude}/": {
      "get": {
        "description": "Get timeseries forecast information<br/>None",
        "operationId": "getForecastTimeSeries",
        "parameters": [
          {
            "default": 39.49,
            "description": "latitude for the forecast",
            "format": "float",
            "in": "path",
            "name": "latitude",
            "required": true,
            "type": "number"
          },
          {
            "default": 2.74,
            "description": "longitude for the forecast",
            "format": "float",
            "in": "path",
            "name": "longitude",
            "required": true,
            "type": "number"
          },
          {
            "description": "initial date for the forecast ISO string YYYY-MM-DDTHH:mm:SS.SZ",
            "in": "query",
            "name": "inittime",
            "required": false,
            "type": "string"
          },
          {
            "description": "end date for the forecast ISO string YYYY-MM-DDTHH:mm:SS.SZ",
            "in": "query",
            "name": "endtime",
            "required": false,
            "type": "string"
          },
          {
            "description": "optional number of days in string. Will be added to init forecast date",
            "format": "int32",
            "in": "query",
            "name": "days",
            "required": false,
            "type": "integer"
          },
          {
            "description": "optional number of hours in string. Will be added to init forecast date",
            "format": "int32",
            "in": "query",
            "name": "hours",
            "required": false,
            "type": "integer"
          },
          {
            "description": " Comma separated values for the weather parameteres temperature,rain,wind_u,wind_v,gust,pressure,cloud,humidity&wave=height,direction,period",
            "in": "query",
            "name": "weather",
            "required": true,
            "type": "string"
          },
          {
            "description": " Comma separated values for the wave parameteres height,direction,period",
            "in": "query",
            "name": "wave",
            "required": false,
            "type": "string"
          },
          {
            "description": "Direct file I want to extract",
            "in": "query",
            "name": "entryid",
            "required": false,
            "type": "string"
          }
        ],
        "responses": {
          "200": {
            "description": "No response was specified"
          }
        },
        "tags": [
          "ODWeather"
        ]
      }
    },
    "/v1.0/getForecastTimeSeriesWrf/{latitude}/{longitude}/": {
      "get": {
        "description": "Get timeseries forecast information<br/>None",
        "operationId": "getForecastTimeSeriesWrf",
        "parameters": [
          {
            "default": 39.49,
            "description": "latitude for the forecast",
            "format": "float",
            "in": "path",
            "name": "latitude",
            "required": true,
            "type": "number"
          },
          {
            "default": 2.74,
            "description": "longitude for the forecast",
            "format": "float",
            "in": "path",
            "name": "longitude",
            "required": true,
            "type": "number"
          },
          {
            "description": "initial date for the forecast ISO string YYYY-MM-DDTHH:mm:SS.SZ",
            "in": "query",
            "name": "inittime",
            "required": false,
            "type": "string"
          },
          {
            "description": "end date for the forecast ISO string YYYY-MM-DDTHH:mm:SS.SZ",
            "in": "query",
            "name": "endtime",
            "required": false,
            "type": "string"
          },
          {
            "description": "optional number of days in string. Will be added to init forecast date",
            "format": "int32",
            "in": "query",
            "name": "days",
            "required": false,
            "type": "integer"
          },
          {
            "description": "optional number of hours in string. Will be added to init forecast date",
            "format": "int32",
            "in": "query",
            "name": "hours",
            "required": false,
            "type": "integer"
          },
          {
            "description": " Comma separated values for the weather parameteres temperature,rain,wind_u,wind_v,gust,pressure,cloud,humidity&wave=height,direction,period",
            "in": "query",
            "name": "weather",
            "required": true,
            "type": "string"
          },
          {
            "description": " Comma separated values for the wave parameteres height,direction,period",
            "in": "query",
            "name": "wave",
            "required": false,
            "type": "string"
          },
          {
            "description": "Direct file I want to extract",
            "in": "query",
            "name": "entryid",
            "required": false,
            "type": "string"
          }
        ],
        "responses": {
          "200": {
            "description": "No response was specified"
          }
        },
        "tags": [
          "ODWeather"
        ]
      }
    },
    "/v1.0/getSocibWeatherStation/{stationName}/{period}/": {
      "get": {
        "description": "Get data from the socib bahia de palma buoy<br/>None",
        "operationId": "getSocibWeatherStation",
        "parameters": [
          {
            "default": "boyaenderrocat",
            "description": "station name currently: boyaenderrocat | playadepalma",
            "in": "path",
            "name": "stationName",
            "required": true,
            "type": "string"
          },
          {
            "default": "lastdata",
            "description": "Period of time to get the data. Options: lastdata lasthour lastday",
            "in": "path",
            "name": "period",
            "required": true,
            "type": "string"
          }
        ],
        "responses": {
          "200": {
            "description": "No response was specified"
          }
        },
        "tags": [
          "ODWeather"
        ]
      }
    },
    "/v1.0/getWeatherDisplay/{stationName}/": {
      "get": {
        "description": "Get data from the weather display software<br/>None",
        "operationId": "getWeatherDisplay",
        "parameters": [
          {
            "default": "cnarenal",
            "description": "currently: 'cnarenal'|'campastilla' | 'cncg'",
            "in": "path",
            "name": "stationName",
            "required": true,
            "type": "string"
          },
          {
            "default": "latestdata",
            "description": "Period of time to get the data latestdata|latesthour|latestday|dailylog",
            "in": "query",
            "name": "period",
            "required": true,
            "type": "string"
          }
        ],
        "responses": {
          "200": {
            "description": "No response was specified"
          }
        },
        "tags": [
          "ODWeather"
        ]
      }
    },
    "/v1.0/getWebCams/": {
      "get": {
        "description": "Get forecast and realtime information for known points<br/>None",
        "operationId": "getWebCams",
        "responses": {
          "200": {
            "description": "No response was specified"
          }
        },
        "tags": [
          "ODWeather"
        ]
      }
    }
  }
}
